ticker,fiscal_label,metric,status,concept,value,unit,selection,validation_status,validation_detail,restated,accession,detail,candidates
AAPL,2021,capex,resolved,us-gaap:PaymentsToAcquirePropertyPlantAndEquipment,1.1085E+10,USD,single_candidate,unvalidated,no parsed cash_flow statement for AAPL FY2021,False,0000320193-21-000105,,
AAPL,2021,cash_and_equivalents,resolved,us-gaap:CashAndCashEquivalentsAtCarryingValue,3.4940E+10,USD,single_candidate,unvalidated,no parsed balance statement for AAPL FY2021,False,0000320193-21-000105,,
AAPL,2021,eps_diluted,resolved,us-gaap:EarningsPerShareDiluted,5.61,USD/shares,single_candidate,unvalidated,no parsed income statement for AAPL FY2021,False,0000320193-21-000105,,
AAPL,2021,gross_profit,resolved,us-gaap:GrossProfit,1.52836E+11,USD,single_candidate,unvalidated,no parsed income statement for AAPL FY2021,False,0000320193-21-000105,,
AAPL,2021,net_income,resolved,us-gaap:NetIncomeLoss,9.4680E+10,USD,single_candidate,unvalidated,no parsed income statement for AAPL FY2021,False,0000320193-21-000105,,
AAPL,2021,operating_cash_flow,resolved,us-gaap:NetCashProvidedByUsedInOperatingActivities,1.04038E+11,USD,single_candidate,unvalidated,no parsed cash_flow statement for AAPL FY2021,False,0000320193-21-000105,,
AAPL,2021,operating_income,resolved,us-gaap:OperatingIncomeLoss,1.08949E+11,USD,single_candidate,unvalidated,no parsed income statement for AAPL FY2021,False,0000320193-21-000105,,
AAPL,2021,rd_expense,resolved,us-gaap:ResearchAndDevelopmentExpense,2.1914E+10,USD,single_candidate,unvalidated,no parsed income statement for AAPL FY2021,False,0000320193-21-000105,,
AAPL,2021,revenue,resolved,us-gaap:RevenueFromContractWithCustomerExcludingAssessedTax,3.65817E+11,USD,single_candidate,unvalidated,no parsed income statement for AAPL FY2021,False,0000320193-21-000105,,
AAPL,2021,stockholders_equity,resolved,us-gaap:StockholdersEquity,6.3090E+10,USD,single_candidate,unvalidated,no parsed balance statement for AAPL FY2021,False,0000320193-21-000105,,
AAPL,2021,total_assets,resolved,us-gaap:Assets,3.51002E+11,USD,single_candidate,unvalidated,no parsed balance statement for AAPL FY2021,False,0000320193-21-000105,,
AAPL,2021,total_liabilities,resolved,us-gaap:Liabilities,2.87912E+11,USD,single_candidate,unvalidated,no parsed balance statement for AAPL FY2021,False,0000320193-21-000105,,
AAPL,2022,capex,resolved,us-gaap:PaymentsToAcquirePropertyPlantAndEquipment,1.0708E+10,USD,single_candidate,unvalidated,no parsed cash_flow statement for AAPL FY2022,False,0000320193-22-000108,,
AAPL,2022,cash_and_equivalents,resolved,us-gaap:CashAndCashEquivalentsAtCarryingValue,2.3646E+10,USD,single_candidate,unvalidated,no parsed balance statement for AAPL FY2022,False,0000320193-22-000108,,
AAPL,2022,eps_diluted,resolved,us-gaap:EarningsPerShareDiluted,6.11,USD/shares,single_candidate,unvalidated,no parsed income statement for AAPL FY2022,False,0000320193-22-000108,,
AAPL,2022,gross_profit,resolved,us-gaap:GrossProfit,1.70782E+11,USD,single_candidate,unvalidated,no parsed income statement for AAPL FY2022,False,0000320193-22-000108,,
AAPL,2022,net_income,resolved,us-gaap:NetIncomeLoss,9.9803E+10,USD,single_candidate,unvalidated,no parsed income statement for AAPL FY2022,False,0000320193-22-000108,,
AAPL,2022,operating_cash_flow,resolved,us-gaap:NetCashProvidedByUsedInOperatingActivities,1.22151E+11,USD,single_candidate,unvalidated,no parsed cash_flow statement for AAPL FY2022,False,0000320193-22-000108,,
AAPL,2022,operating_income,resolved,us-gaap:OperatingIncomeLoss,1.19437E+11,USD,single_candidate,unvalidated,no parsed income statement for AAPL FY2022,False,0000320193-22-000108,,
AAPL,2022,rd_expense,resolved,us-gaap:ResearchAndDevelopmentExpense,2.6251E+10,USD,single_candidate,unvalidated,no parsed income statement for AAPL FY2022,False,0000320193-22-000108,,
AAPL,2022,revenue,resolved,us-gaap:RevenueFromContractWithCustomerExcludingAssessedTax,3.94328E+11,USD,single_candidate,unvalidated,no parsed income statement for AAPL FY2022,False,0000320193-22-000108,,
AAPL,2022,stockholders_equity,resolved,us-gaap:StockholdersEquity,5.0672E+10,USD,single_candidate,unvalidated,no parsed balance statement for AAPL FY2022,False,0000320193-22-000108,,
AAPL,2022,total_assets,resolved,us-gaap:Assets,3.52755E+11,USD,single_candidate,unvalidated,no parsed balance statement for AAPL FY2022,False,0000320193-22-000108,,
AAPL,2022,total_liabilities,resolved,us-gaap:Liabilities,3.02083E+11,USD,single_candidate,unvalidated,no parsed balance statement for AAPL FY2022,False,0000320193-22-000108,,
AAPL,2023,capex,resolved,us-gaap:PaymentsToAcquirePropertyPlantAndEquipment,1.0959E+10,USD,single_candidate,validated,"found '10,959' on the statement",False,0000320193-23-000106,,
AAPL,2023,cash_and_equivalents,resolved,us-gaap:CashAndCashEquivalentsAtCarryingValue,2.9965E+10,USD,single_candidate,validated,found '29965' on the statement,False,0000320193-23-000106,,
AAPL,2023,eps_diluted,resolved,us-gaap:EarningsPerShareDiluted,6.13,USD/shares,single_candidate,validated,found '6.13' on the statement,False,0000320193-23-000106,,
AAPL,2023,gross_profit,resolved,us-gaap:GrossProfit,1.69148E+11,USD,single_candidate,validated,found '169148' on the statement,False,0000320193-23-000106,,
AAPL,2023,net_income,resolved,us-gaap:NetIncomeLoss,9.6995E+10,USD,single_candidate,validated,found '96995' on the statement,False,0000320193-23-000106,,
AAPL,2023,operating_cash_flow,resolved,us-gaap:NetCashProvidedByUsedInOperatingActivities,1.10543E+11,USD,single_candidate,validated,found '110543' on the statement,False,0000320193-23-000106,,
AAPL,2023,operating_income,resolved,us-gaap:OperatingIncomeLoss,1.14301E+11,USD,single_candidate,validated,found '114301' on the statement,False,0000320193-23-000106,,
AAPL,2023,rd_expense,resolved,us-gaap:ResearchAndDevelopmentExpense,2.9915E+10,USD,single_candidate,validated,found '29915' on the statement,False,0000320193-23-000106,,
AAPL,2023,revenue,resolved,us-gaap:RevenueFromContractWithCustomerExcludingAssessedTax,3.83285E+11,USD,single_candidate,validated,found '383285' on the statement,False,0000320193-23-000106,,
AAPL,2023,stockholders_equity,resolved,us-gaap:StockholdersEquity,6.2146E+10,USD,single_candidate,validated,found '62146' on the statement,False,0000320193-23-000106,,
AAPL,2023,total_assets,resolved,us-gaap:Assets,3.52583E+11,USD,single_candidate,validated,found '352583' on the statement,False,0000320193-23-000106,,
AAPL,2023,total_liabilities,resolved,us-gaap:Liabilities,2.90437E+11,USD,single_candidate,validated,found '290437' on the statement,False,0000320193-23-000106,,
AAPL,2024,capex,resolved,us-gaap:PaymentsToAcquirePropertyPlantAndEquipment,9.447E+9,USD,single_candidate,validated,"found '9,447' on the statement",False,0000320193-24-000123,,
AAPL,2024,cash_and_equivalents,resolved,us-gaap:CashAndCashEquivalentsAtCarryingValue,2.9943E+10,USD,single_candidate,validated,found '29943' on the statement,False,0000320193-24-000123,,
AAPL,2024,eps_diluted,resolved,us-gaap:EarningsPerShareDiluted,6.08,USD/shares,single_candidate,validated,found '6.08' on the statement,False,0000320193-24-000123,,
AAPL,2024,gross_profit,resolved,us-gaap:GrossProfit,1.80683E+11,USD,single_candidate,validated,found '180683' on the statement,False,0000320193-24-000123,,
AAPL,2024,net_income,resolved,us-gaap:NetIncomeLoss,9.3736E+10,USD,single_candidate,validated,found '93736' on the statement,False,0000320193-24-000123,,
AAPL,2024,operating_cash_flow,resolved,us-gaap:NetCashProvidedByUsedInOperatingActivities,1.18254E+11,USD,single_candidate,validated,found '118254' on the statement,False,0000320193-24-000123,,
AAPL,2024,operating_income,resolved,us-gaap:OperatingIncomeLoss,1.23216E+11,USD,single_candidate,validated,found '123216' on the statement,False,0000320193-24-000123,,
AAPL,2024,rd_expense,resolved,us-gaap:ResearchAndDevelopmentExpense,3.1370E+10,USD,single_candidate,validated,found '31370' on the statement,False,0000320193-24-000123,,
AAPL,2024,revenue,resolved,us-gaap:RevenueFromContractWithCustomerExcludingAssessedTax,3.91035E+11,USD,single_candidate,validated,found '391035' on the statement,False,0000320193-24-000123,,
AAPL,2024,stockholders_equity,resolved,us-gaap:StockholdersEquity,5.6950E+10,USD,single_candidate,validated,found '56950' on the statement,False,0000320193-24-000123,,
AAPL,2024,total_assets,resolved,us-gaap:Assets,3.64980E+11,USD,single_candidate,validated,found '364980' on the statement,False,0000320193-24-000123,,
AAPL,2024,total_liabilities,resolved,us-gaap:Liabilities,3.08030E+11,USD,single_candidate,validated,found '308030' on the statement,False,0000320193-24-000123,,
AAPL,2025,capex,resolved,us-gaap:PaymentsToAcquirePropertyPlantAndEquipment,1.2715E+10,USD,single_candidate,validated,"found '12,715' on the statement",False,0000320193-25-000079,,
AAPL,2025,cash_and_equivalents,resolved,us-gaap:CashAndCashEquivalentsAtCarryingValue,3.5934E+10,USD,single_candidate,validated,found '35934' on the statement,False,0000320193-25-000079,,
AAPL,2025,eps_diluted,resolved,us-gaap:EarningsPerShareDiluted,7.46,USD/shares,single_candidate,validated,found '7.46' on the statement,False,0000320193-25-000079,,
AAPL,2025,gross_profit,resolved,us-gaap:GrossProfit,1.95201E+11,USD,single_candidate,validated,found '195201' on the statement,False,0000320193-25-000079,,
AAPL,2025,net_income,resolved,us-gaap:NetIncomeLoss,1.12010E+11,USD,single_candidate,validated,found '112010' on the statement,False,0000320193-25-000079,,
AAPL,2025,operating_cash_flow,resolved,us-gaap:NetCashProvidedByUsedInOperatingActivities,1.11482E+11,USD,single_candidate,validated,found '111482' on the statement,False,0000320193-25-000079,,
AAPL,2025,operating_income,resolved,us-gaap:OperatingIncomeLoss,1.33050E+11,USD,single_candidate,validated,found '133050' on the statement,False,0000320193-25-000079,,
AAPL,2025,rd_expense,resolved,us-gaap:ResearchAndDevelopmentExpense,3.4550E+10,USD,single_candidate,validated,found '34550' on the statement,False,0000320193-25-000079,,
AAPL,2025,revenue,resolved,us-gaap:RevenueFromContractWithCustomerExcludingAssessedTax,4.16161E+11,USD,single_candidate,validated,found '416161' on the statement,False,0000320193-25-000079,,
AAPL,2025,stockholders_equity,resolved,us-gaap:StockholdersEquity,7.3733E+10,USD,single_candidate,validated,found '73733' on the statement,False,0000320193-25-000079,,
AAPL,2025,total_assets,resolved,us-gaap:Assets,3.59241E+11,USD,single_candidate,validated,found '359241' on the statement,False,0000320193-25-000079,,
AAPL,2025,total_liabilities,resolved,us-gaap:Liabilities,2.85508E+11,USD,single_candidate,validated,found '285508' on the statement,False,0000320193-25-000079,,
AMZN,2021,capex,resolved,us-gaap:PaymentsToAcquireProductiveAssets,6.1053E+10,USD,single_candidate,unvalidated,no parsed cash_flow statement for AMZN FY2021,False,0001018724-22-000005,,
AMZN,2021,cash_and_equivalents,resolved,us-gaap:CashAndCashEquivalentsAtCarryingValue,3.6220E+10,USD,single_candidate,unvalidated,no parsed balance statement for AMZN FY2021,False,0001018724-22-000005,,
AMZN,2021,eps_diluted,resolved,us-gaap:EarningsPerShareDiluted,64.81,USD/shares,single_candidate,unvalidated,no parsed income statement for AMZN FY2021,False,0001018724-22-000005,,
AMZN,2021,gross_profit,metric_not_found_in_filing,,,,,,,False,,0001018724-22-000005 reports none of the gross_profit candidates,us-gaap:GrossProfit=?
AMZN,2021,net_income,resolved,us-gaap:NetIncomeLoss,3.3364E+10,USD,single_candidate,unvalidated,no parsed income statement for AMZN FY2021,False,0001018724-22-000005,,
AMZN,2021,operating_cash_flow,resolved,us-gaap:NetCashProvidedByUsedInOperatingActivities,4.6327E+10,USD,single_candidate,unvalidated,no parsed cash_flow statement for AMZN FY2021,False,0001018724-22-000005,,
AMZN,2021,operating_income,resolved,us-gaap:OperatingIncomeLoss,2.4879E+10,USD,single_candidate,unvalidated,no parsed income statement for AMZN FY2021,False,0001018724-22-000005,,
AMZN,2021,rd_expense,metric_not_found_in_filing,,,,,,,False,,0001018724-22-000005 reports none of the rd_expense candidates,us-gaap:ResearchAndDevelopmentExpense=?; us-gaap:ResearchAndDevelopmentExpenseExcludingAcquiredInProcessCost=?
AMZN,2021,revenue,resolved,us-gaap:RevenueFromContractWithCustomerExcludingAssessedTax,4.69822E+11,USD,single_candidate,unvalidated,no parsed income statement for AMZN FY2021,False,0001018724-22-000005,,
AMZN,2021,stockholders_equity,resolved,us-gaap:StockholdersEquity,1.38245E+11,USD,single_candidate,unvalidated,no parsed balance statement for AMZN FY2021,False,0001018724-22-000005,,
AMZN,2021,total_assets,resolved,us-gaap:Assets,4.20549E+11,USD,single_candidate,unvalidated,no parsed balance statement for AMZN FY2021,False,0001018724-22-000005,,
AMZN,2021,total_liabilities,metric_not_found_in_filing,,,,,,,False,,0001018724-22-000005 reports none of the total_liabilities candidates,us-gaap:Liabilities=?
AMZN,2022,capex,resolved,us-gaap:PaymentsToAcquireProductiveAssets,6.3645E+10,USD,single_candidate,unvalidated,no parsed cash_flow statement for AMZN FY2022,False,0001018724-23-000004,,
AMZN,2022,cash_and_equivalents,resolved,us-gaap:CashAndCashEquivalentsAtCarryingValue,5.3888E+10,USD,single_candidate,unvalidated,no parsed balance statement for AMZN FY2022,False,0001018724-23-000004,,
AMZN,2022,eps_diluted,resolved,us-gaap:EarningsPerShareDiluted,-0.27,USD/shares,single_candidate,unvalidated,no parsed income statement for AMZN FY2022,False,0001018724-23-000004,,
AMZN,2022,gross_profit,metric_not_found_in_filing,,,,,,,False,,0001018724-23-000004 reports none of the gross_profit candidates,us-gaap:GrossProfit=?
AMZN,2022,net_income,resolved,us-gaap:NetIncomeLoss,-2.722E+9,USD,single_candidate,unvalidated,no parsed income statement for AMZN FY2022,False,0001018724-23-000004,,
AMZN,2022,operating_cash_flow,resolved,us-gaap:NetCashProvidedByUsedInOperatingActivities,4.6752E+10,USD,single_candidate,unvalidated,no parsed cash_flow statement for AMZN FY2022,False,0001018724-23-000004,,
AMZN,2022,operating_income,resolved,us-gaap:OperatingIncomeLoss,1.2248E+10,USD,single_candidate,unvalidated,no parsed income statement for AMZN FY2022,False,0001018724-23-000004,,
AMZN,2022,rd_expense,metric_not_found_in_filing,,,,,,,False,,0001018724-23-000004 reports none of the rd_expense candidates,us-gaap:ResearchAndDevelopmentExpense=?; us-gaap:ResearchAndDevelopmentExpenseExcludingAcquiredInProcessCost=?
AMZN,2022,revenue,resolved,us-gaap:RevenueFromContractWithCustomerExcludingAssessedTax,5.13983E+11,USD,single_candidate,unvalidated,no parsed income statement for AMZN FY2022,False,0001018724-23-000004,,
AMZN,2022,stockholders_equity,resolved,us-gaap:StockholdersEquity,1.46043E+11,USD,single_candidate,unvalidated,no parsed balance statement for AMZN FY2022,False,0001018724-23-000004,,
AMZN,2022,total_assets,resolved,us-gaap:Assets,4.62675E+11,USD,single_candidate,unvalidated,no parsed balance statement for AMZN FY2022,False,0001018724-23-000004,,
AMZN,2022,total_liabilities,metric_not_found_in_filing,,,,,,,False,,0001018724-23-000004 reports none of the total_liabilities candidates,us-gaap:Liabilities=?
AMZN,2023,capex,resolved,us-gaap:PaymentsToAcquireProductiveAssets,5.2729E+10,USD,single_candidate,validated,"found '52,729' on the statement",False,0001018724-24-000008,,
AMZN,2023,cash_and_equivalents,resolved,us-gaap:CashAndCashEquivalentsAtCarryingValue,7.3387E+10,USD,single_candidate,unvalidated,no parsed balance statement for AMZN FY2023,False,0001018724-24-000008,,
AMZN,2023,eps_diluted,resolved,us-gaap:EarningsPerShareDiluted,2.90,USD/shares,single_candidate,unvalidated,"the parsed income section holds only 1 numeric token(s) in 106 chars, so it is a heading or a table of contents rather than the statement",False,0001018724-24-000008,,
AMZN,2023,gross_profit,metric_not_found_in_filing,,,,,,,False,,0001018724-24-000008 reports none of the gross_profit candidates,us-gaap:GrossProfit=?
AMZN,2023,net_income,resolved,us-gaap:NetIncomeLoss,3.0425E+10,USD,single_candidate,unvalidated,"the parsed income section holds only 1 numeric token(s) in 106 chars, so it is a heading or a table of contents rather than the statement",False,0001018724-24-000008,,
AMZN,2023,operating_cash_flow,resolved,us-gaap:NetCashProvidedByUsedInOperatingActivities,8.4946E+10,USD,single_candidate,validated,found '84946' on the statement,False,0001018724-24-000008,,
AMZN,2023,operating_income,resolved,us-gaap:OperatingIncomeLoss,3.6852E+10,USD,single_candidate,unvalidated,"the parsed income section holds only 1 numeric token(s) in 106 chars, so it is a heading or a table of contents rather than the statement",False,0001018724-24-000008,,
AMZN,2023,rd_expense,metric_not_found_in_filing,,,,,,,False,,0001018724-24-000008 reports none of the rd_expense candidates,us-gaap:ResearchAndDevelopmentExpense=?; us-gaap:ResearchAndDevelopmentExpenseExcludingAcquiredInProcessCost=?
AMZN,2023,revenue,resolved,us-gaap:RevenueFromContractWithCustomerExcludingAssessedTax,5.74785E+11,USD,single_candidate,unvalidated,"the parsed income section holds only 1 numeric token(s) in 106 chars, so it is a heading or a table of contents rather than the statement",False,0001018724-24-000008,,
AMZN,2023,stockholders_equity,resolved,us-gaap:StockholdersEquity,2.01875E+11,USD,single_candidate,unvalidated,no parsed balance statement for AMZN FY2023,False,0001018724-24-000008,,
AMZN,2023,total_assets,resolved,us-gaap:Assets,5.27854E+11,USD,single_candidate,unvalidated,no parsed balance statement for AMZN FY2023,False,0001018724-24-000008,,
AMZN,2023,total_liabilities,metric_not_found_in_filing,,,,,,,False,,0001018724-24-000008 reports none of the total_liabilities candidates,us-gaap:Liabilities=?
AMZN,2024,capex,resolved,us-gaap:PaymentsToAcquireProductiveAssets,8.2999E+10,USD,single_candidate,validated,"found '82,999' on the statement",False,0001018724-25-000004,,
AMZN,2024,cash_and_equivalents,resolved,us-gaap:CashAndCashEquivalentsAtCarryingValue,7.8779E+10,USD,single_candidate,unvalidated,no parsed balance statement for AMZN FY2024,False,0001018724-25-000004,,
AMZN,2024,eps_diluted,resolved,us-gaap:EarningsPerShareDiluted,5.53,USD/shares,single_candidate,unvalidated,"the parsed income section holds only 1 numeric token(s) in 106 chars, so it is a heading or a table of contents rather than the statement",False,0001018724-25-000004,,
AMZN,2024,gross_profit,metric_not_found_in_filing,,,,,,,False,,0001018724-25-000004 reports none of the gross_profit candidates,us-gaap:GrossProfit=?
AMZN,2024,net_income,resolved,us-gaap:NetIncomeLoss,5.9248E+10,USD,single_candidate,unvalidated,"the parsed income section holds only 1 numeric token(s) in 106 chars, so it is a heading or a table of contents rather than the statement",False,0001018724-25-000004,,
AMZN,2024,operating_cash_flow,resolved,us-gaap:NetCashProvidedByUsedInOperatingActivities,1.15877E+11,USD,single_candidate,validated,found '115877' on the statement,False,0001018724-25-000004,,
AMZN,2024,operating_income,resolved,us-gaap:OperatingIncomeLoss,6.8593E+10,USD,single_candidate,unvalidated,"the parsed income section holds only 1 numeric token(s) in 106 chars, so it is a heading or a table of contents rather than the statement",False,0001018724-25-000004,,
AMZN,2024,rd_expense,metric_not_found_in_filing,,,,,,,False,,0001018724-25-000004 reports none of the rd_expense candidates,us-gaap:ResearchAndDevelopmentExpense=?; us-gaap:ResearchAndDevelopmentExpenseExcludingAcquiredInProcessCost=?
AMZN,2024,revenue,resolved,us-gaap:RevenueFromContractWithCustomerExcludingAssessedTax,6.37959E+11,USD,single_candidate,unvalidated,"the parsed income section holds only 1 numeric token(s) in 106 chars, so it is a heading or a table of contents rather than the statement",False,0001018724-25-000004,,
AMZN,2024,stockholders_equity,resolved,us-gaap:StockholdersEquity,2.85970E+11,USD,single_candidate,unvalidated,no parsed balance statement for AMZN FY2024,False,0001018724-25-000004,,
AMZN,2024,total_assets,resolved,us-gaap:Assets,6.24894E+11,USD,single_candidate,unvalidated,no parsed balance statement for AMZN FY2024,False,0001018724-25-000004,,
AMZN,2024,total_liabilities,metric_not_found_in_filing,,,,,,,False,,0001018724-25-000004 reports none of the total_liabilities candidates,us-gaap:Liabilities=?
AMZN,2025,capex,resolved,us-gaap:PaymentsToAcquireProductiveAssets,1.31819E+11,USD,single_candidate,validated,"found '131,819' on the statement",False,0001018724-26-000004,,
AMZN,2025,cash_and_equivalents,resolved,us-gaap:CashAndCashEquivalentsAtCarryingValue,8.6810E+10,USD,single_candidate,unvalidated,no parsed balance statement for AMZN FY2025,False,0001018724-26-000004,,
AMZN,2025,eps_diluted,resolved,us-gaap:EarningsPerShareDiluted,7.17,USD/shares,single_candidate,unvalidated,"the parsed income section holds only 1 numeric token(s) in 99 chars, so it is a heading or a table of contents rather than the statement",False,0001018724-26-000004,,
AMZN,2025,gross_profit,metric_not_found_in_filing,,,,,,,False,,0001018724-26-000004 reports none of the gross_profit candidates,us-gaap:GrossProfit=?
AMZN,2025,net_income,resolved,us-gaap:NetIncomeLoss,7.7670E+10,USD,single_candidate,unvalidated,"the parsed income section holds only 1 numeric token(s) in 99 chars, so it is a heading or a table of contents rather than the statement",False,0001018724-26-000004,,
AMZN,2025,operating_cash_flow,resolved,us-gaap:NetCashProvidedByUsedInOperatingActivities,1.39514E+11,USD,single_candidate,validated,found '139514' on the statement,False,0001018724-26-000004,,
AMZN,2025,operating_income,resolved,us-gaap:OperatingIncomeLoss,7.9975E+10,USD,single_candidate,unvalidated,"the parsed income section holds only 1 numeric token(s) in 99 chars, so it is a heading or a table of contents rather than the statement",False,0001018724-26-000004,,
AMZN,2025,rd_expense,metric_not_found_in_filing,,,,,,,False,,0001018724-26-000004 reports none of the rd_expense candidates,us-gaap:ResearchAndDevelopmentExpense=?; us-gaap:ResearchAndDevelopmentExpenseExcludingAcquiredInProcessCost=?
AMZN,2025,revenue,resolved,us-gaap:RevenueFromContractWithCustomerExcludingAssessedTax,7.16924E+11,USD,single_candidate,unvalidated,"the parsed income section holds only 1 numeric token(s) in 99 chars, so it is a heading or a table of contents rather than the statement",False,0001018724-26-000004,,
AMZN,2025,stockholders_equity,resolved,us-gaap:StockholdersEquity,4.11065E+11,USD,single_candidate,unvalidated,no parsed balance statement for AMZN FY2025,False,0001018724-26-000004,,
AMZN,2025,total_assets,resolved,us-gaap:Assets,8.18042E+11,USD,single_candidate,unvalidated,no parsed balance statement for AMZN FY2025,False,0001018724-26-000004,,
AMZN,2025,total_liabilities,metric_not_found_in_filing,,,,,,,False,,0001018724-26-000004 reports none of the total_liabilities candidates,us-gaap:Liabilities=?
BAC,2021,capex,metric_not_found_in_filing,,,,,,,False,,0000070858-22-000062 reports none of the capex candidates,us-gaap:PaymentsToAcquirePropertyPlantAndEquipment=?; us-gaap:PaymentsToAcquireProductiveAssets=?
BAC,2021,cash_and_equivalents,resolved,us-gaap:CashCashEquivalentsRestrictedCashAndRestrictedCashEquivalents,3.48221E+11,USD,single_candidate_tier2,unvalidated,no parsed balance statement for BAC FY2021,False,0000070858-22-000062,,
BAC,2021,eps_diluted,resolved,us-gaap:EarningsPerShareDiluted,3.57,USD/shares,single_candidate,unvalidated,no parsed income statement for BAC FY2021,False,0000070858-22-000062,,
BAC,2021,gross_profit,metric_not_found_in_filing,,,,,,,False,,0000070858-22-000062 reports none of the gross_profit candidates,us-gaap:GrossProfit=?
BAC,2021,net_income,resolved,us-gaap:NetIncomeLoss,3.1978E+10,USD,single_candidate,unvalidated,no parsed income statement for BAC FY2021,False,0000070858-22-000062,,
BAC,2021,operating_cash_flow,resolved,us-gaap:NetCashProvidedByUsedInOperatingActivities,-7.193E+9,USD,single_candidate,unvalidated,no parsed cash_flow statement for BAC FY2021,False,0000070858-22-000062,,
BAC,2021,operating_income,metric_not_found_in_filing,,,,,,,False,,0000070858-22-000062 reports none of the operating_income candidates,us-gaap:OperatingIncomeLoss=?
BAC,2021,rd_expense,metric_not_found_in_filing,,,,,,,False,,0000070858-22-000062 reports none of the rd_expense candidates,us-gaap:ResearchAndDevelopmentExpense=?; us-gaap:ResearchAndDevelopmentExpenseExcludingAcquiredInProcessCost=?
BAC,2021,revenue,resolved,us-gaap:Revenues,8.9113E+10,USD,single_candidate,unvalidated,no parsed income statement for BAC FY2021,False,0000070858-22-000062,,
BAC,2021,stockholders_equity,resolved,us-gaap:StockholdersEquity,2.70066E+11,USD,single_candidate,unvalidated,no parsed balance statement for BAC FY2021,False,0000070858-22-000062,,
BAC,2021,total_assets,resolved,us-gaap:Assets,3.169495E+12,USD,single_candidate,unvalidated,no parsed balance statement for BAC FY2021,False,0000070858-22-000062,,
BAC,2021,total_liabilities,resolved,us-gaap:Liabilities,2.899429E+12,USD,single_candidate,unvalidated,no parsed balance statement for BAC FY2021,False,0000070858-22-000062,,
BAC,2022,capex,metric_not_found_in_filing,,,,,,,False,,0000070858-23-000092 reports none of the capex candidates,us-gaap:PaymentsToAcquirePropertyPlantAndEquipment=?; us-gaap:PaymentsToAcquireProductiveAssets=?
BAC,2022,cash_and_equivalents,resolved,us-gaap:CashCashEquivalentsRestrictedCashAndRestrictedCashEquivalents,2.30203E+11,USD,single_candidate_tier2,unvalidated,no parsed balance statement for BAC FY2022,False,0000070858-23-000092,,
BAC,2022,eps_diluted,resolved,us-gaap:EarningsPerShareDiluted,3.19,USD/shares,single_candidate,unvalidated,no parsed income statement for BAC FY2022,False,0000070858-23-000092,,
BAC,2022,gross_profit,metric_not_found_in_filing,,,,,,,False,,0000070858-23-000092 reports none of the gross_profit candidates,us-gaap:GrossProfit=?
BAC,2022,net_income,resolved,us-gaap:NetIncomeLoss,2.7528E+10,USD,single_candidate,unvalidated,no parsed income statement for BAC FY2022,False,0000070858-23-000092,,
BAC,2022,operating_cash_flow,resolved,us-gaap:NetCashProvidedByUsedInOperatingActivities,-6.327E+9,USD,single_candidate,unvalidated,no parsed cash_flow statement for BAC FY2022,False,0000070858-23-000092,,
BAC,2022,operating_income,metric_not_found_in_filing,,,,,,,False,,0000070858-23-000092 reports none of the operating_income candidates,us-gaap:OperatingIncomeLoss=?
BAC,2022,rd_expense,metric_not_found_in_filing,,,,,,,False,,0000070858-23-000092 reports none of the rd_expense candidates,us-gaap:ResearchAndDevelopmentExpense=?; us-gaap:ResearchAndDevelopmentExpenseExcludingAcquiredInProcessCost=?
BAC,2022,revenue,resolved,us-gaap:Revenues,9.4950E+10,USD,single_candidate,unvalidated,no parsed income statement for BAC FY2022,False,0000070858-23-000092,,
BAC,2022,stockholders_equity,resolved,us-gaap:StockholdersEquity,2.73197E+11,USD,single_candidate,unvalidated,no parsed balance statement for BAC FY2022,False,0000070858-23-000092,,
BAC,2022,total_assets,resolved,us-gaap:Assets,3.051375E+12,USD,single_candidate,unvalidated,no parsed balance statement for BAC FY2022,False,0000070858-23-000092,,
BAC,2022,total_liabilities,resolved,us-gaap:Liabilities,2.778178E+12,USD,single_candidate,unvalidated,no parsed balance statement for BAC FY2022,False,0000070858-23-000092,,
BAC,2023,capex,metric_not_found_in_filing,,,,,,,False,,0000070858-24-000122 reports none of the capex candidates,us-gaap:PaymentsToAcquirePropertyPlantAndEquipment=?; us-gaap:PaymentsToAcquireProductiveAssets=?
BAC,2023,cash_and_equivalents,resolved,us-gaap:CashCashEquivalentsRestrictedCashAndRestrictedCashEquivalents,3.33073E+11,USD,single_candidate_tier2,validated,found '333073' on the statement,False,0000070858-24-000122,,
BAC,2023,eps_diluted,resolved,us-gaap:EarningsPerShareDiluted,3.08,USD/shares,single_candidate,validated,found '3.08' on the statement,False,0000070858-24-000122,,
BAC,2023,gross_profit,metric_not_found_in_filing,,,,,,,False,,0000070858-24-000122 reports none of the gross_profit candidates,us-gaap:GrossProfit=?
BAC,2023,net_income,resolved,us-gaap:NetIncomeLoss,2.6515E+10,USD,single_candidate,validated,found '26515' on the statement,False,0000070858-24-000122,,
BAC,2023,operating_cash_flow,resolved,us-gaap:NetCashProvidedByUsedInOperatingActivities,4.4982E+10,USD,single_candidate,validated,found '44982' on the statement,False,0000070858-24-000122,,
BAC,2023,operating_income,metric_not_found_in_filing,,,,,,,False,,0000070858-24-000122 reports none of the operating_income candidates,us-gaap:OperatingIncomeLoss=?
BAC,2023,rd_expense,metric_not_found_in_filing,,,,,,,False,,0000070858-24-000122 reports none of the rd_expense candidates,us-gaap:ResearchAndDevelopmentExpense=?; us-gaap:ResearchAndDevelopmentExpenseExcludingAcquiredInProcessCost=?
BAC,2023,revenue,resolved,us-gaap:Revenues,9.8581E+10,USD,single_candidate,validated,found '98581' on the statement,False,0000070858-24-000122,,
BAC,2023,stockholders_equity,resolved,us-gaap:StockholdersEquity,2.91646E+11,USD,single_candidate,validated,found '291646' on the statement,False,0000070858-24-000122,,
BAC,2023,total_assets,resolved,us-gaap:Assets,3.180151E+12,USD,single_candidate,validated,found '3180151' on the statement,False,0000070858-24-000122,,
BAC,2023,total_liabilities,resolved,us-gaap:Liabilities,2.888505E+12,USD,single_candidate,validated,found '2888505' on the statement,False,0000070858-24-000122,,
BAC,2024,capex,metric_not_found_in_filing,,,,,,,False,,0000070858-25-000139 reports none of the capex candidates,us-gaap:PaymentsToAcquirePropertyPlantAndEquipment=?; us-gaap:PaymentsToAcquireProductiveAssets=?
BAC,2024,cash_and_equivalents,resolved,us-gaap:CashCashEquivalentsRestrictedCashAndRestrictedCashEquivalents,2.90114E+11,USD,single_candidate_tier2,validated,found '290114' on the statement,False,0000070858-25-000139,,
BAC,2024,eps_diluted,resolved,us-gaap:EarningsPerShareDiluted,3.21,USD/shares,single_candidate,validated,found '3.21' on the statement,False,0000070858-25-000139,,
BAC,2024,gross_profit,metric_not_found_in_filing,,,,,,,False,,0000070858-25-000139 reports none of the gross_profit candidates,us-gaap:GrossProfit=?
BAC,2024,net_income,resolved,us-gaap:NetIncomeLoss,2.7132E+10,USD,single_candidate,validated,found '27132' on the statement,False,0000070858-25-000139,,
BAC,2024,operating_cash_flow,resolved,us-gaap:NetCashProvidedByUsedInOperatingActivities,-8.805E+9,USD,single_candidate,validated,"found '8,805' on the statement",False,0000070858-25-000139,,
BAC,2024,operating_income,metric_not_found_in_filing,,,,,,,False,,0000070858-25-000139 reports none of the operating_income candidates,us-gaap:OperatingIncomeLoss=?
BAC,2024,rd_expense,metric_not_found_in_filing,,,,,,,False,,0000070858-25-000139 reports none of the rd_expense candidates,us-gaap:ResearchAndDevelopmentExpense=?; us-gaap:ResearchAndDevelopmentExpenseExcludingAcquiredInProcessCost=?
BAC,2024,revenue,resolved,us-gaap:Revenues,1.01887E+11,USD,single_candidate,validated,found '101887' on the statement,False,0000070858-25-000139,,
BAC,2024,stockholders_equity,resolved,us-gaap:StockholdersEquity,2.95559E+11,USD,single_candidate,validated,found '295559' on the statement,False,0000070858-25-000139,,
BAC,2024,total_assets,resolved,us-gaap:Assets,3.261519E+12,USD,single_candidate,validated,found '3261519' on the statement,False,0000070858-25-000139,,
BAC,2024,total_liabilities,resolved,us-gaap:Liabilities,2.965960E+12,USD,single_candidate,validated,found '2965960' on the statement,False,0000070858-25-000139,,
BAC,2025,capex,metric_not_found_in_filing,,,,,,,False,,0000070858-26-000157 reports none of the capex candidates,us-gaap:PaymentsToAcquirePropertyPlantAndEquipment=?; us-gaap:PaymentsToAcquireProductiveAssets=?
BAC,2025,cash_and_equivalents,resolved,us-gaap:CashCashEquivalentsRestrictedCashAndRestrictedCashEquivalents,2.31845E+11,USD,single_candidate_tier2,validated,found '231845' on the statement,False,0000070858-26-000157,,
BAC,2025,eps_diluted,resolved,us-gaap:EarningsPerShareDiluted,3.81,USD/shares,single_candidate,validated,found '3.81' on the statement,False,0000070858-26-000157,,
BAC,2025,gross_profit,metric_not_found_in_filing,,,,,,,False,,0000070858-26-000157 reports none of the gross_profit candidates,us-gaap:GrossProfit=?
BAC,2025,net_income,resolved,us-gaap:NetIncomeLoss,3.0509E+10,USD,single_candidate,validated,found '30509' on the statement,False,0000070858-26-000157,,
BAC,2025,operating_cash_flow,resolved,us-gaap:NetCashProvidedByUsedInOperatingActivities,1.2613E+10,USD,single_candidate,validated,found '12613' on the statement,False,0000070858-26-000157,,
BAC,2025,operating_income,metric_not_found_in_filing,,,,,,,False,,0000070858-26-000157 reports none of the operating_income candidates,us-gaap:OperatingIncomeLoss=?
BAC,2025,rd_expense,metric_not_found_in_filing,,,,,,,False,,0000070858-26-000157 reports none of the rd_expense candidates,us-gaap:ResearchAndDevelopmentExpense=?; us-gaap:ResearchAndDevelopmentExpenseExcludingAcquiredInProcessCost=?
BAC,2025,revenue,resolved,us-gaap:Revenues,1.13097E+11,USD,single_candidate,validated,found '113097' on the statement,False,0000070858-26-000157,,
BAC,2025,stockholders_equity,resolved,us-gaap:StockholdersEquity,3.03243E+11,USD,single_candidate,validated,found '303243' on the statement,False,0000070858-26-000157,,
BAC,2025,total_assets,resolved,us-gaap:Assets,3.411738E+12,USD,single_candidate,validated,found '3411738' on the statement,False,0000070858-26-000157,,
BAC,2025,total_liabilities,resolved,us-gaap:Liabilities,3.108495E+12,USD,single_candidate,validated,found '3108495' on the statement,False,0000070858-26-000157,,
BLK,2021,capex,resolved,us-gaap:PaymentsToAcquirePropertyPlantAndEquipment,3.41E+8,USD,single_candidate,unvalidated,no parsed cash_flow statement for BLK FY2021,False,0001564590-22-007117,,
BLK,2021,cash_and_equivalents,resolved,us-gaap:CashAndCashEquivalentsAtCarryingValue,9.323E+9,USD,single_candidate,unvalidated,no parsed balance statement for BLK FY2021,False,0001564590-22-007117,,
BLK,2021,eps_diluted,resolved,us-gaap:EarningsPerShareDiluted,38.22,USD/shares,single_candidate,unvalidated,no parsed income statement for BLK FY2021,False,0001564590-22-007117,,
BLK,2021,gross_profit,metric_not_found_in_filing,,,,,,,False,,0001564590-22-007117 reports none of the gross_profit candidates,us-gaap:GrossProfit=?
BLK,2021,net_income,resolved,us-gaap:NetIncomeLoss,5.901E+9,USD,single_candidate,unvalidated,no parsed income statement for BLK FY2021,False,0001564590-22-007117,,
BLK,2021,operating_cash_flow,resolved,us-gaap:NetCashProvidedByUsedInOperatingActivities,4.944E+9,USD,single_candidate,unvalidated,no parsed cash_flow statement for BLK FY2021,False,0001564590-22-007117,,
BLK,2021,operating_income,resolved,us-gaap:OperatingIncomeLoss,7.450E+9,USD,single_candidate,unvalidated,no parsed income statement for BLK FY2021,False,0001564590-22-007117,,
BLK,2021,rd_expense,metric_not_found_in_filing,,,,,,,False,,0001564590-22-007117 reports none of the rd_expense candidates,us-gaap:ResearchAndDevelopmentExpense=?; us-gaap:ResearchAndDevelopmentExpenseExcludingAcquiredInProcessCost=?
BLK,2021,revenue,resolved,us-gaap:RevenueFromContractWithCustomerExcludingAssessedTax,1.9374E+10,USD,override,unvalidated,no parsed income statement for BLK FY2021,False,0001564590-22-007117,,
BLK,2021,stockholders_equity,resolved,us-gaap:StockholdersEquity,3.7693E+10,USD,single_candidate,unvalidated,no parsed balance statement for BLK FY2021,False,0001564590-22-007117,,
BLK,2021,total_assets,resolved,us-gaap:Assets,1.52648E+11,USD,single_candidate,unvalidated,no parsed balance statement for BLK FY2021,False,0001564590-22-007117,,
BLK,2021,total_liabilities,resolved,us-gaap:Liabilities,1.13755E+11,USD,single_candidate,unvalidated,no parsed balance statement for BLK FY2021,False,0001564590-22-007117,,
BLK,2022,capex,resolved,us-gaap:PaymentsToAcquirePropertyPlantAndEquipment,5.33E+8,USD,single_candidate,unvalidated,no parsed cash_flow statement for BLK FY2022,False,0000950170-23-004343,,
BLK,2022,cash_and_equivalents,resolved,us-gaap:CashAndCashEquivalentsAtCarryingValue,7.416E+9,USD,single_candidate,unvalidated,no parsed balance statement for BLK FY2022,False,0000950170-23-004343,,
BLK,2022,eps_diluted,resolved,us-gaap:EarningsPerShareDiluted,33.97,USD/shares,single_candidate,unvalidated,no parsed income statement for BLK FY2022,False,0000950170-23-004343,,
BLK,2022,gross_profit,metric_not_found_in_filing,,,,,,,False,,0000950170-23-004343 reports none of the gross_profit candidates,us-gaap:GrossProfit=?
BLK,2022,net_income,resolved,us-gaap:NetIncomeLoss,5.178E+9,USD,single_candidate,unvalidated,no parsed income statement for BLK FY2022,False,0000950170-23-004343,,
BLK,2022,operating_cash_flow,resolved,us-gaap:NetCashProvidedByUsedInOperatingActivities,4.956E+9,USD,single_candidate,unvalidated,no parsed cash_flow statement for BLK FY2022,False,0000950170-23-004343,,
BLK,2022,operating_income,resolved,us-gaap:OperatingIncomeLoss,6.385E+9,USD,single_candidate,unvalidated,no parsed income statement for BLK FY2022,False,0000950170-23-004343,,
BLK,2022,rd_expense,metric_not_found_in_filing,,,,,,,False,,0000950170-23-004343 reports none of the rd_expense candidates,us-gaap:ResearchAndDevelopmentExpense=?; us-gaap:ResearchAndDevelopmentExpenseExcludingAcquiredInProcessCost=?
BLK,2022,revenue,resolved,us-gaap:RevenueFromContractWithCustomerExcludingAssessedTax,1.7873E+10,USD,override,unvalidated,no parsed income statement for BLK FY2022,False,0000950170-23-004343,,
BLK,2022,stockholders_equity,resolved,us-gaap:StockholdersEquity,3.7744E+10,USD,single_candidate,unvalidated,no parsed balance statement for BLK FY2022,False,0000950170-23-004343,,
BLK,2022,total_assets,resolved,us-gaap:Assets,1.17628E+11,USD,single_candidate,unvalidated,no parsed balance statement for BLK FY2022,False,0000950170-23-004343,,
BLK,2022,total_liabilities,resolved,us-gaap:Liabilities,7.8843E+10,USD,single_candidate,unvalidated,no parsed balance statement for BLK FY2022,False,0000950170-23-004343,,
BLK,2023,capex,resolved,us-gaap:PaymentsToAcquirePropertyPlantAndEquipment,3.44E+8,USD,single_candidate,unvalidated,no parsed cash_flow statement for BLK FY2023,False,0000950170-24-019271,,
BLK,2023,cash_and_equivalents,resolved,us-gaap:CashAndCashEquivalentsAtCarryingValue,8.736E+9,USD,single_candidate,unvalidated,no parsed balance statement for BLK FY2023,False,0000950170-24-019271,,
BLK,2023,eps_diluted,resolved,us-gaap:EarningsPerShareDiluted,36.51,USD/shares,single_candidate,unvalidated,no parsed income statement for BLK FY2023,False,0000950170-24-019271,,
BLK,2023,gross_profit,metric_not_found_in_filing,,,,,,,False,,0000950170-24-019271 reports none of the gross_profit candidates,us-gaap:GrossProfit=?
BLK,2023,net_income,resolved,us-gaap:NetIncomeLoss,5.502E+9,USD,single_candidate,unvalidated,no parsed income statement for BLK FY2023,False,0000950170-24-019271,,
BLK,2023,operating_cash_flow,resolved,us-gaap:NetCashProvidedByUsedInOperatingActivities,4.165E+9,USD,single_candidate,unvalidated,no parsed cash_flow statement for BLK FY2023,False,0000950170-24-019271,,
BLK,2023,operating_income,resolved,us-gaap:OperatingIncomeLoss,6.275E+9,USD,single_candidate,unvalidated,no parsed income statement for BLK FY2023,False,0000950170-24-019271,,
BLK,2023,rd_expense,metric_not_found_in_filing,,,,,,,False,,0000950170-24-019271 reports none of the rd_expense candidates,us-gaap:ResearchAndDevelopmentExpense=?; us-gaap:ResearchAndDevelopmentExpenseExcludingAcquiredInProcessCost=?
BLK,2023,revenue,resolved,us-gaap:RevenueFromContractWithCustomerExcludingAssessedTax,1.7859E+10,USD,override,unvalidated,no parsed income statement for BLK FY2023,False,0000950170-24-019271,,
BLK,2023,stockholders_equity,resolved,us-gaap:StockholdersEquity,3.9347E+10,USD,single_candidate,unvalidated,no parsed balance statement for BLK FY2023,False,0000950170-24-019271,,
BLK,2023,total_assets,resolved,us-gaap:Assets,1.23211E+11,USD,single_candidate,unvalidated,no parsed balance statement for BLK FY2023,False,0000950170-24-019271,,
BLK,2023,total_liabilities,resolved,us-gaap:Liabilities,8.1971E+10,USD,single_candidate,unvalidated,no parsed balance statement for BLK FY2023,False,0000950170-24-019271,,
BLK,2024,capex,resolved,us-gaap:PaymentsToAcquirePropertyPlantAndEquipment,2.55E+8,USD,single_candidate,validated,found '255' on the statement,False,0000950170-25-026584,,
BLK,2024,cash_and_equivalents,resolved,us-gaap:CashAndCashEquivalentsAtCarryingValue,1.2762E+10,USD,single_candidate,validated,found '12762' on the statement,False,0000950170-25-026584,,
BLK,2024,eps_diluted,resolved,us-gaap:EarningsPerShareDiluted,42.01,USD/shares,single_candidate,validated,found '42.01' on the statement,False,0000950170-25-026584,,
BLK,2024,gross_profit,metric_not_found_in_filing,,,,,,,False,,0000950170-25-026584 reports none of the gross_profit candidates,us-gaap:GrossProfit=?
BLK,2024,net_income,resolved,us-gaap:NetIncomeLoss,6.369E+9,USD,single_candidate,validated,found '6369' on the statement,False,0000950170-25-026584,,
BLK,2024,operating_cash_flow,resolved,us-gaap:NetCashProvidedByUsedInOperatingActivities,4.956E+9,USD,single_candidate,conflict,"not found among 221 numeric tokens in the parsed cash_flow statement; tried ['4,956', '4956']",False,0000950170-25-026584,,
BLK,2024,operating_income,resolved,us-gaap:OperatingIncomeLoss,7.574E+9,USD,single_candidate,conflict,"not found among 1321 numeric tokens in the parsed income statement; tried ['7,574', '7574']",False,0000950170-25-026584,,
BLK,2024,rd_expense,metric_not_found_in_filing,,,,,,,False,,0000950170-25-026584 reports none of the rd_expense candidates,us-gaap:ResearchAndDevelopmentExpense=?; us-gaap:ResearchAndDevelopmentExpenseExcludingAcquiredInProcessCost=?
BLK,2024,revenue,resolved,us-gaap:RevenueFromContractWithCustomerExcludingAssessedTax,2.0407E+10,USD,override,validated,found '20407' on the statement,False,0000950170-25-026584,,
BLK,2024,stockholders_equity,resolved,us-gaap:StockholdersEquity,4.7495E+10,USD,single_candidate,validated,found '47495' on the statement,False,0000950170-25-026584,,
BLK,2024,total_assets,resolved,us-gaap:Assets,1.38615E+11,USD,single_candidate,validated,found '138615' on the statement,False,0000950170-25-026584,,
BLK,2024,total_liabilities,resolved,us-gaap:Liabilities,8.9260E+10,USD,single_candidate,validated,found '89260' on the statement,False,0000950170-25-026584,,
BLK,2025,capex,resolved,us-gaap:PaymentsToAcquirePropertyPlantAndEquipment,3.75E+8,USD,single_candidate,validated,found '375' on the statement,False,0001193125-26-071966,,
BLK,2025,cash_and_equivalents,resolved,us-gaap:CashAndCashEquivalentsAtCarryingValue,1.1468E+10,USD,single_candidate,validated,found '11468' on the statement,False,0001193125-26-071966,,
BLK,2025,eps_diluted,resolved,us-gaap:EarningsPerShareDiluted,35.31,USD/shares,single_candidate,validated,found '35.31' on the statement,False,0001193125-26-071966,,
BLK,2025,gross_profit,metric_not_found_in_filing,,,,,,,False,,0001193125-26-071966 reports none of the gross_profit candidates,us-gaap:GrossProfit=?
BLK,2025,net_income,resolved,us-gaap:NetIncomeLoss,5.553E+9,USD,single_candidate,validated,found '5553' on the statement,False,0001193125-26-071966,,
BLK,2025,operating_cash_flow,resolved,us-gaap:NetCashProvidedByUsedInOperatingActivities,3.927E+9,USD,single_candidate,conflict,"not found among 217 numeric tokens in the parsed cash_flow statement; tried ['3,927', '3927']",False,0001193125-26-071966,,
BLK,2025,operating_income,resolved,us-gaap:OperatingIncomeLoss,7.045E+9,USD,single_candidate,conflict,"not found among 1394 numeric tokens in the parsed income statement; tried ['7,045', '7045']",False,0001193125-26-071966,,
BLK,2025,rd_expense,metric_not_found_in_filing,,,,,,,False,,0001193125-26-071966 reports none of the rd_expense candidates,us-gaap:ResearchAndDevelopmentExpense=?; us-gaap:ResearchAndDevelopmentExpenseExcludingAcquiredInProcessCost=?
BLK,2025,revenue,resolved,us-gaap:RevenueFromContractWithCustomerExcludingAssessedTax,2.4216E+10,USD,override,validated,found '24216' on the statement,False,0001193125-26-071966,,
BLK,2025,stockholders_equity,resolved,us-gaap:StockholdersEquity,5.5888E+10,USD,single_candidate,validated,found '55888' on the statement,False,0001193125-26-071966,,
BLK,2025,total_assets,resolved,us-gaap:Assets,1.69998E+11,USD,single_candidate,validated,found '169998' on the statement,False,0001193125-26-071966,,
BLK,2025,total_liabilities,resolved,us-gaap:Liabilities,1.08456E+11,USD,single_candidate,validated,found '108456' on the statement,False,0001193125-26-071966,,
GOOGL,2021,capex,resolved,us-gaap:PaymentsToAcquirePropertyPlantAndEquipment,2.4640E+10,USD,single_candidate,unvalidated,no parsed cash_flow statement for GOOGL FY2021,False,0001652044-22-000019,,
GOOGL,2021,cash_and_equivalents,resolved,us-gaap:CashAndCashEquivalentsAtCarryingValue,2.0945E+10,USD,single_candidate,unvalidated,no parsed balance statement for GOOGL FY2021,False,0001652044-22-000019,,
GOOGL,2021,eps_diluted,resolved,us-gaap:EarningsPerShareDiluted,112.20,USD/shares,single_candidate,unvalidated,no parsed income statement for GOOGL FY2021,False,0001652044-22-000019,,
GOOGL,2021,gross_profit,metric_not_found_in_filing,,,,,,,False,,0001652044-22-000019 reports none of the gross_profit candidates,us-gaap:GrossProfit=?
GOOGL,2021,net_income,resolved,us-gaap:NetIncomeLoss,7.6033E+10,USD,single_candidate,unvalidated,no parsed income statement for GOOGL FY2021,False,0001652044-22-000019,,
GOOGL,2021,operating_cash_flow,resolved,us-gaap:NetCashProvidedByUsedInOperatingActivities,9.1652E+10,USD,single_candidate,unvalidated,no parsed cash_flow statement for GOOGL FY2021,False,0001652044-22-000019,,
GOOGL,2021,operating_income,resolved,us-gaap:OperatingIncomeLoss,7.8714E+10,USD,single_candidate,unvalidated,no parsed income statement for GOOGL FY2021,False,0001652044-22-000019,,
GOOGL,2021,rd_expense,resolved,us-gaap:ResearchAndDevelopmentExpense,3.1562E+10,USD,single_candidate,unvalidated,no parsed income statement for GOOGL FY2021,False,0001652044-22-000019,,
GOOGL,2021,revenue,resolved,us-gaap:Revenues,2.57637E+11,USD,single_candidate,unvalidated,no parsed income statement for GOOGL FY2021,False,0001652044-22-000019,,
GOOGL,2021,stockholders_equity,resolved,us-gaap:StockholdersEquity,2.51635E+11,USD,single_candidate,unvalidated,no parsed balance statement for GOOGL FY2021,False,0001652044-22-000019,,
GOOGL,2021,total_assets,resolved,us-gaap:Assets,3.59268E+11,USD,single_candidate,unvalidated,no parsed balance statement for GOOGL FY2021,False,0001652044-22-000019,,
GOOGL,2021,total_liabilities,resolved,us-gaap:Liabilities,1.07633E+11,USD,single_candidate,unvalidated,no parsed balance statement for GOOGL FY2021,False,0001652044-22-000019,,
GOOGL,2022,capex,resolved,us-gaap:PaymentsToAcquirePropertyPlantAndEquipment,3.1485E+10,USD,single_candidate,unvalidated,no parsed cash_flow statement for GOOGL FY2022,False,0001652044-23-000016,,
GOOGL,2022,cash_and_equivalents,resolved,us-gaap:CashAndCashEquivalentsAtCarryingValue,2.1879E+10,USD,single_candidate,unvalidated,no parsed balance statement for GOOGL FY2022,False,0001652044-23-000016,,
GOOGL,2022,eps_diluted,resolved,us-gaap:EarningsPerShareDiluted,4.56,USD/shares,single_candidate,unvalidated,no parsed income statement for GOOGL FY2022,False,0001652044-23-000016,,
GOOGL,2022,gross_profit,metric_not_found_in_filing,,,,,,,False,,0001652044-23-000016 reports none of the gross_profit candidates,us-gaap:GrossProfit=?
GOOGL,2022,net_income,resolved,us-gaap:NetIncomeLoss,5.9972E+10,USD,single_candidate,unvalidated,no parsed income statement for GOOGL FY2022,False,0001652044-23-000016,,
GOOGL,2022,operating_cash_flow,resolved,us-gaap:NetCashProvidedByUsedInOperatingActivities,9.1495E+10,USD,single_candidate,unvalidated,no parsed cash_flow statement for GOOGL FY2022,False,0001652044-23-000016,,
GOOGL,2022,operating_income,resolved,us-gaap:OperatingIncomeLoss,7.4842E+10,USD,single_candidate,unvalidated,no parsed income statement for GOOGL FY2022,False,0001652044-23-000016,,
GOOGL,2022,rd_expense,resolved,us-gaap:ResearchAndDevelopmentExpense,3.9500E+10,USD,single_candidate,unvalidated,no parsed income statement for GOOGL FY2022,False,0001652044-23-000016,,
GOOGL,2022,revenue,resolved,us-gaap:RevenueFromContractWithCustomerExcludingAssessedTax,2.82836E+11,USD,single_candidate,unvalidated,no parsed income statement for GOOGL FY2022,False,0001652044-23-000016,,
GOOGL,2022,stockholders_equity,resolved,us-gaap:StockholdersEquity,2.56144E+11,USD,single_candidate,unvalidated,no parsed balance statement for GOOGL FY2022,False,0001652044-23-000016,,
GOOGL,2022,total_assets,resolved,us-gaap:Assets,3.65264E+11,USD,single_candidate,unvalidated,no parsed balance statement for GOOGL FY2022,False,0001652044-23-000016,,
GOOGL,2022,total_liabilities,resolved,us-gaap:Liabilities,1.09120E+11,USD,single_candidate,unvalidated,no parsed balance statement for GOOGL FY2022,False,0001652044-23-000016,,
GOOGL,2023,capex,resolved,us-gaap:PaymentsToAcquirePropertyPlantAndEquipment,3.2251E+10,USD,single_candidate,validated,"found '32,251' on the statement",False,0001652044-24-000022,,
GOOGL,2023,cash_and_equivalents,resolved,us-gaap:CashAndCashEquivalentsAtCarryingValue,2.4048E+10,USD,single_candidate,conflict,"not found among 792 numeric tokens in the parsed balance statement; tried ['24,048', '24048']",False,0001652044-24-000022,,
GOOGL,2023,eps_diluted,resolved,us-gaap:EarningsPerShareDiluted,5.80,USD/shares,single_candidate,validated,found '5.8' on the statement,False,0001652044-24-000022,,
GOOGL,2023,gross_profit,metric_not_found_in_filing,,,,,,,False,,0001652044-24-000022 reports none of the gross_profit candidates,us-gaap:GrossProfit=?
GOOGL,2023,net_income,resolved,us-gaap:NetIncomeLoss,7.3795E+10,USD,single_candidate,validated,found '73795' on the statement,False,0001652044-24-000022,,
GOOGL,2023,operating_cash_flow,resolved,us-gaap:NetCashProvidedByUsedInOperatingActivities,1.01746E+11,USD,single_candidate,validated,found '101746' on the statement,False,0001652044-24-000022,,
GOOGL,2023,operating_income,resolved,us-gaap:OperatingIncomeLoss,8.4293E+10,USD,single_candidate,validated,found '84293' on the statement,False,0001652044-24-000022,,
GOOGL,2023,rd_expense,resolved,us-gaap:ResearchAndDevelopmentExpense,4.5427E+10,USD,single_candidate,validated,found '45427' on the statement,False,0001652044-24-000022,,
GOOGL,2023,revenue,resolved,us-gaap:RevenueFromContractWithCustomerExcludingAssessedTax,3.07394E+11,USD,single_candidate,validated,found '307394' on the statement,False,0001652044-24-000022,,
GOOGL,2023,stockholders_equity,resolved,us-gaap:StockholdersEquity,2.83379E+11,USD,single_candidate,conflict,"not found among 792 numeric tokens in the parsed balance statement; tried ['283,379', '283379']",False,0001652044-24-000022,,
GOOGL,2023,total_assets,resolved,us-gaap:Assets,4.02392E+11,USD,single_candidate,conflict,"not found among 792 numeric tokens in the parsed balance statement; tried ['402,392', '402392']",False,0001652044-24-000022,,
GOOGL,2023,total_liabilities,resolved,us-gaap:Liabilities,1.19013E+11,USD,single_candidate,conflict,"not found among 792 numeric tokens in the parsed balance statement; tried ['119,013', '119013']",False,0001652044-24-000022,,
GOOGL,2024,capex,resolved,us-gaap:PaymentsToAcquirePropertyPlantAndEquipment,5.2535E+10,USD,single_candidate,validated,"found '52,535' on the statement",False,0001652044-25-000014,,
GOOGL,2024,cash_and_equivalents,resolved,us-gaap:CashAndCashEquivalentsAtCarryingValue,2.3466E+10,USD,single_candidate,conflict,"not found among 840 numeric tokens in the parsed balance statement; tried ['23,466', '23466']",False,0001652044-25-000014,,
GOOGL,2024,eps_diluted,resolved,us-gaap:EarningsPerShareDiluted,8.04,USD/shares,single_candidate,validated,found '8.04' on the statement,False,0001652044-25-000014,,
GOOGL,2024,gross_profit,metric_not_found_in_filing,,,,,,,False,,0001652044-25-000014 reports none of the gross_profit candidates,us-gaap:GrossProfit=?
GOOGL,2024,net_income,resolved,us-gaap:NetIncomeLoss,1.00118E+11,USD,single_candidate,validated,found '100118' on the statement,False,0001652044-25-000014,,
GOOGL,2024,operating_cash_flow,resolved,us-gaap:NetCashProvidedByUsedInOperatingActivities,1.25299E+11,USD,single_candidate,validated,found '125299' on the statement,False,0001652044-25-000014,,
GOOGL,2024,operating_income,resolved,us-gaap:OperatingIncomeLoss,1.12390E+11,USD,single_candidate,validated,found '112390' on the statement,False,0001652044-25-000014,,
GOOGL,2024,rd_expense,resolved,us-gaap:ResearchAndDevelopmentExpense,4.9326E+10,USD,single_candidate,validated,found '49326' on the statement,False,0001652044-25-000014,,
GOOGL,2024,revenue,resolved,us-gaap:RevenueFromContractWithCustomerExcludingAssessedTax,3.50018E+11,USD,single_candidate,validated,found '350018' on the statement,False,0001652044-25-000014,,
GOOGL,2024,stockholders_equity,resolved,us-gaap:StockholdersEquity,3.25084E+11,USD,single_candidate,conflict,"not found among 840 numeric tokens in the parsed balance statement; tried ['325,084', '325084']",False,0001652044-25-000014,,
GOOGL,2024,total_assets,resolved,us-gaap:Assets,4.50256E+11,USD,single_candidate,conflict,"not found among 840 numeric tokens in the parsed balance statement; tried ['450,256', '450256']",False,0001652044-25-000014,,
GOOGL,2024,total_liabilities,resolved,us-gaap:Liabilities,1.25172E+11,USD,single_candidate,conflict,"not found among 840 numeric tokens in the parsed balance statement; tried ['125,172', '125172']",False,0001652044-25-000014,,
GOOGL,2025,capex,resolved,us-gaap:PaymentsToAcquirePropertyPlantAndEquipment,9.1447E+10,USD,single_candidate,validated,"found '91,447' on the statement",False,0001652044-26-000018,,
GOOGL,2025,cash_and_equivalents,resolved,us-gaap:CashAndCashEquivalentsAtCarryingValue,3.0708E+10,USD,single_candidate,conflict,"not found among 1248 numeric tokens in the parsed balance statement; tried ['30,708', '30708']",False,0001652044-26-000018,,
GOOGL,2025,eps_diluted,resolved,us-gaap:EarningsPerShareDiluted,10.81,USD/shares,single_candidate,validated,found '10.81' on the statement,False,0001652044-26-000018,,
GOOGL,2025,gross_profit,metric_not_found_in_filing,,,,,,,False,,0001652044-26-000018 reports none of the gross_profit candidates,us-gaap:GrossProfit=?
GOOGL,2025,net_income,resolved,us-gaap:NetIncomeLoss,1.32170E+11,USD,single_candidate,validated,found '132170' on the statement,False,0001652044-26-000018,,
GOOGL,2025,operating_cash_flow,resolved,us-gaap:NetCashProvidedByUsedInOperatingActivities,1.64713E+11,USD,single_candidate,validated,found '164713' on the statement,False,0001652044-26-000018,,
GOOGL,2025,operating_income,resolved,us-gaap:OperatingIncomeLoss,1.29039E+11,USD,single_candidate,validated,found '129039' on the statement,False,0001652044-26-000018,,
GOOGL,2025,rd_expense,resolved,us-gaap:ResearchAndDevelopmentExpense,6.1087E+10,USD,single_candidate,validated,found '61087' on the statement,False,0001652044-26-000018,,
GOOGL,2025,revenue,resolved,us-gaap:Revenues,4.02836E+11,USD,single_candidate,validated,found '402836' on the statement,False,0001652044-26-000018,,
GOOGL,2025,stockholders_equity,resolved,us-gaap:StockholdersEquity,4.15265E+11,USD,single_candidate,conflict,"not found among 1248 numeric tokens in the parsed balance statement; tried ['415,265', '415265']",False,0001652044-26-000018,,
GOOGL,2025,total_assets,resolved,us-gaap:Assets,5.95281E+11,USD,single_candidate,conflict,"not found among 1248 numeric tokens in the parsed balance statement; tried ['595,281', '595281']",False,0001652044-26-000018,,
GOOGL,2025,total_liabilities,resolved,us-gaap:Liabilities,1.80016E+11,USD,single_candidate,conflict,"not found among 1248 numeric tokens in the parsed balance statement; tried ['180,016', '180016']",False,0001652044-26-000018,,
GS,2021,capex,resolved,us-gaap:PaymentsToAcquirePropertyPlantAndEquipment,4.667E+9,USD,single_candidate,unvalidated,no parsed cash_flow statement for GS FY2021,False,0001193125-22-052682,,
GS,2021,cash_and_equivalents,resolved,us-gaap:CashAndCashEquivalentsAtCarryingValue,2.61036E+11,USD,single_candidate,unvalidated,no parsed balance statement for GS FY2021,False,0001193125-22-052682,,
GS,2021,eps_diluted,resolved,us-gaap:EarningsPerShareDiluted,59.45,USD/shares,single_candidate,unvalidated,no parsed income statement for GS FY2021,False,0001193125-22-052682,,
GS,2021,gross_profit,metric_not_found_in_filing,,,,,,,False,,0001193125-22-052682 reports none of the gross_profit candidates,us-gaap:GrossProfit=?
GS,2021,net_income,resolved,us-gaap:NetIncomeLoss,2.1635E+10,USD,single_candidate,unvalidated,no parsed income statement for GS FY2021,False,0001193125-22-052682,,
GS,2021,operating_cash_flow,resolved,us-gaap:NetCashProvidedByUsedInOperatingActivities,9.21E+8,USD,single_candidate,unvalidated,no parsed cash_flow statement for GS FY2021,False,0001193125-22-052682,,
GS,2021,operating_income,metric_not_found_in_filing,,,,,,,False,,0001193125-22-052682 reports none of the operating_income candidates,us-gaap:OperatingIncomeLoss=?
GS,2021,rd_expense,metric_not_found_in_filing,,,,,,,False,,0001193125-22-052682 reports none of the rd_expense candidates,us-gaap:ResearchAndDevelopmentExpense=?; us-gaap:ResearchAndDevelopmentExpenseExcludingAcquiredInProcessCost=?
GS,2021,revenue,resolved,us-gaap:RevenuesNetOfInterestExpense,5.9339E+10,USD,single_candidate,unvalidated,no parsed income statement for GS FY2021,False,0001193125-22-052682,,
GS,2021,stockholders_equity,resolved,us-gaap:StockholdersEquity,1.09926E+11,USD,single_candidate,unvalidated,no parsed balance statement for GS FY2021,False,0001193125-22-052682,,
GS,2021,total_assets,resolved,us-gaap:Assets,1.463988E+12,USD,single_candidate,unvalidated,no parsed balance statement for GS FY2021,False,0001193125-22-052682,,
GS,2021,total_liabilities,resolved,us-gaap:Liabilities,1.354062E+12,USD,single_candidate,unvalidated,no parsed balance statement for GS FY2021,False,0001193125-22-052682,,
GS,2022,capex,resolved,us-gaap:PaymentsToAcquirePropertyPlantAndEquipment,3.748E+9,USD,single_candidate,unvalidated,no parsed cash_flow statement for GS FY2022,False,0000886982-23-000003,,
GS,2022,cash_and_equivalents,resolved,us-gaap:CashAndCashEquivalentsAtCarryingValue,2.41825E+11,USD,single_candidate,unvalidated,no parsed balance statement for GS FY2022,False,0000886982-23-000003,,
GS,2022,eps_diluted,resolved,us-gaap:EarningsPerShareDiluted,30.06,USD/shares,single_candidate,unvalidated,no parsed income statement for GS FY2022,False,0000886982-23-000003,,
GS,2022,gross_profit,metric_not_found_in_filing,,,,,,,False,,0000886982-23-000003 reports none of the gross_profit candidates,us-gaap:GrossProfit=?
GS,2022,net_income,resolved,us-gaap:NetIncomeLoss,1.1261E+10,USD,single_candidate,unvalidated,no parsed income statement for GS FY2022,False,0000886982-23-000003,,
GS,2022,operating_cash_flow,resolved,us-gaap:NetCashProvidedByUsedInOperatingActivities,8.708E+9,USD,single_candidate,unvalidated,no parsed cash_flow statement for GS FY2022,False,0000886982-23-000003,,
GS,2022,operating_income,metric_not_found_in_filing,,,,,,,False,,0000886982-23-000003 reports none of the operating_income candidates,us-gaap:OperatingIncomeLoss=?
GS,2022,rd_expense,metric_not_found_in_filing,,,,,,,False,,0000886982-23-000003 reports none of the rd_expense candidates,us-gaap:ResearchAndDevelopmentExpense=?; us-gaap:ResearchAndDevelopmentExpenseExcludingAcquiredInProcessCost=?
GS,2022,revenue,resolved,us-gaap:RevenuesNetOfInterestExpense,4.7365E+10,USD,single_candidate,unvalidated,no parsed income statement for GS FY2022,False,0000886982-23-000003,,
GS,2022,stockholders_equity,resolved,us-gaap:StockholdersEquity,1.17189E+11,USD,single_candidate,unvalidated,no parsed balance statement for GS FY2022,False,0000886982-23-000003,,
GS,2022,total_assets,resolved,us-gaap:Assets,1.441799E+12,USD,single_candidate,unvalidated,no parsed balance statement for GS FY2022,False,0000886982-23-000003,,
GS,2022,total_liabilities,resolved,us-gaap:Liabilities,1.324610E+12,USD,single_candidate,unvalidated,no parsed balance statement for GS FY2022,False,0000886982-23-000003,,
GS,2023,capex,resolved,us-gaap:PaymentsToAcquirePropertyPlantAndEquipment,2.316E+9,USD,single_candidate,validated,"found '2,316' on the statement",False,0000886982-24-000006,,
GS,2023,cash_and_equivalents,resolved,us-gaap:CashAndCashEquivalentsAtCarryingValue,2.41577E+11,USD,single_candidate,validated,found '241577' on the statement,False,0000886982-24-000006,,
GS,2023,eps_diluted,resolved,us-gaap:EarningsPerShareDiluted,22.87,USD/shares,single_candidate,validated,found '22.87' on the statement,False,0000886982-24-000006,,
GS,2023,gross_profit,metric_not_found_in_filing,,,,,,,False,,0000886982-24-000006 reports none of the gross_profit candidates,us-gaap:GrossProfit=?
GS,2023,net_income,resolved,us-gaap:NetIncomeLoss,8.516E+9,USD,single_candidate,validated,found '8516' on the statement,False,0000886982-24-000006,,
GS,2023,operating_cash_flow,resolved,us-gaap:NetCashProvidedByUsedInOperatingActivities,-1.2587E+10,USD,single_candidate,validated,"found '12,587' on the statement",False,0000886982-24-000006,,
GS,2023,operating_income,metric_not_found_in_filing,,,,,,,False,,0000886982-24-000006 reports none of the operating_income candidates,us-gaap:OperatingIncomeLoss=?
GS,2023,rd_expense,metric_not_found_in_filing,,,,,,,False,,0000886982-24-000006 reports none of the rd_expense candidates,us-gaap:ResearchAndDevelopmentExpense=?; us-gaap:ResearchAndDevelopmentExpenseExcludingAcquiredInProcessCost=?
GS,2023,revenue,resolved,us-gaap:RevenuesNetOfInterestExpense,4.6254E+10,USD,single_candidate,validated,found '46254' on the statement,False,0000886982-24-000006,,
GS,2023,stockholders_equity,resolved,us-gaap:StockholdersEquity,1.16905E+11,USD,single_candidate,validated,found '116905' on the statement,False,0000886982-24-000006,,
GS,2023,total_assets,resolved,us-gaap:Assets,1.641594E+12,USD,single_candidate,validated,found '1641594' on the statement,False,0000886982-24-000006,,
GS,2023,total_liabilities,resolved,us-gaap:Liabilities,1.524689E+12,USD,single_candidate,validated,found '1524689' on the statement,False,0000886982-24-000006,,
GS,2024,capex,resolved,us-gaap:PaymentsToAcquirePropertyPlantAndEquipment,2.091E+9,USD,single_candidate,conflict,"not found among 1034 numeric tokens in the parsed cash_flow statement; tried ['2,091', '2091']",False,0000886982-25-000005,,
GS,2024,cash_and_equivalents,resolved,us-gaap:CashAndCashEquivalentsAtCarryingValue,1.82092E+11,USD,single_candidate,validated,found '182092' on the statement,False,0000886982-25-000005,,
GS,2024,eps_diluted,resolved,us-gaap:EarningsPerShareDiluted,40.54,USD/shares,single_candidate,validated,found '40.54' on the statement,False,0000886982-25-000005,,
GS,2024,gross_profit,metric_not_found_in_filing,,,,,,,False,,0000886982-25-000005 reports none of the gross_profit candidates,us-gaap:GrossProfit=?
GS,2024,net_income,resolved,us-gaap:NetIncomeLoss,1.4276E+10,USD,single_candidate,validated,found '14276' on the statement,False,0000886982-25-000005,,
GS,2024,operating_cash_flow,resolved,us-gaap:NetCashProvidedByUsedInOperatingActivities,-1.3212E+10,USD,single_candidate,conflict,"not found among 1034 numeric tokens in the parsed cash_flow statement; tried ['13,212', '13212']",False,0000886982-25-000005,,
GS,2024,operating_income,metric_not_found_in_filing,,,,,,,False,,0000886982-25-000005 reports none of the operating_income candidates,us-gaap:OperatingIncomeLoss=?
GS,2024,rd_expense,metric_not_found_in_filing,,,,,,,False,,0000886982-25-000005 reports none of the rd_expense candidates,us-gaap:ResearchAndDevelopmentExpense=?; us-gaap:ResearchAndDevelopmentExpenseExcludingAcquiredInProcessCost=?
GS,2024,revenue,resolved,us-gaap:RevenuesNetOfInterestExpense,5.3512E+10,USD,single_candidate,validated,found '53512' on the statement,False,0000886982-25-000005,,
GS,2024,stockholders_equity,resolved,us-gaap:StockholdersEquity,1.21996E+11,USD,single_candidate,validated,found '121996' on the statement,False,0000886982-25-000005,,
GS,2024,total_assets,resolved,us-gaap:Assets,1.675972E+12,USD,single_candidate,validated,found '1675972' on the statement,False,0000886982-25-000005,,
GS,2024,total_liabilities,resolved,us-gaap:Liabilities,1.553976E+12,USD,single_candidate,validated,found '1553976' on the statement,False,0000886982-25-000005,,
GS,2025,capex,resolved,us-gaap:PaymentsToAcquirePropertyPlantAndEquipment,2.064E+9,USD,single_candidate,conflict,"not found among 1043 numeric tokens in the parsed cash_flow statement; tried ['2,064', '2064']",False,0000886982-26-000091,,
GS,2025,cash_and_equivalents,resolved,us-gaap:CashAndCashEquivalentsAtCarryingValue,1.64259E+11,USD,single_candidate,validated,found '164259' on the statement,False,0000886982-26-000091,,
GS,2025,eps_diluted,resolved,us-gaap:EarningsPerShareDiluted,51.32,USD/shares,single_candidate,validated,found '51.32' on the statement,False,0000886982-26-000091,,
GS,2025,gross_profit,metric_not_found_in_filing,,,,,,,False,,0000886982-26-000091 reports none of the gross_profit candidates,us-gaap:GrossProfit=?
GS,2025,net_income,resolved,us-gaap:NetIncomeLoss,1.7176E+10,USD,single_candidate,validated,found '17176' on the statement,False,0000886982-26-000091,,
GS,2025,operating_cash_flow,resolved,us-gaap:NetCashProvidedByUsedInOperatingActivities,-4.5154E+10,USD,single_candidate,conflict,"not found among 1043 numeric tokens in the parsed cash_flow statement; tried ['45,154', '45154']",False,0000886982-26-000091,,
GS,2025,operating_income,metric_not_found_in_filing,,,,,,,False,,0000886982-26-000091 reports none of the operating_income candidates,us-gaap:OperatingIncomeLoss=?
GS,2025,rd_expense,metric_not_found_in_filing,,,,,,,False,,0000886982-26-000091 reports none of the rd_expense candidates,us-gaap:ResearchAndDevelopmentExpense=?; us-gaap:ResearchAndDevelopmentExpenseExcludingAcquiredInProcessCost=?
GS,2025,revenue,resolved,us-gaap:RevenuesNetOfInterestExpense,5.8283E+10,USD,single_candidate,validated,found '58283' on the statement,False,0000886982-26-000091,,
GS,2025,stockholders_equity,resolved,us-gaap:StockholdersEquity,1.24972E+11,USD,single_candidate,validated,found '124972' on the statement,False,0000886982-26-000091,,
GS,2025,total_assets,resolved,us-gaap:Assets,1.809320E+12,USD,single_candidate,validated,found '1809320' on the statement,False,0000886982-26-000091,,
GS,2025,total_liabilities,resolved,us-gaap:Liabilities,1.684348E+12,USD,single_candidate,validated,found '1684348' on the statement,False,0000886982-26-000091,,
IVZ,2021,capex,resolved,us-gaap:PaymentsToAcquirePropertyPlantAndEquipment,1.088E+8,USD,single_candidate,unvalidated,no parsed cash_flow statement for IVZ FY2021,False,0000914208-22-000319,,
IVZ,2021,cash_and_equivalents,resolved,us-gaap:CashAndCashEquivalentsAtCarryingValue,1.8964E+9,USD,single_candidate,unvalidated,no parsed balance statement for IVZ FY2021,False,0000914208-22-000319,,
IVZ,2021,eps_diluted,resolved,us-gaap:EarningsPerShareDiluted,2.99,USD/shares,single_candidate,unvalidated,no parsed income statement for IVZ FY2021,False,0000914208-22-000319,,
IVZ,2021,gross_profit,metric_not_found_in_filing,,,,,,,False,,0000914208-22-000319 reports none of the gross_profit candidates,us-gaap:GrossProfit=?
IVZ,2021,net_income,resolved,us-gaap:NetIncomeLoss,1.3930E+9,USD,single_candidate,unvalidated,no parsed income statement for IVZ FY2021,False,0000914208-22-000319,,
IVZ,2021,operating_cash_flow,resolved,us-gaap:NetCashProvidedByUsedInOperatingActivities,1.0781E+9,USD,single_candidate,unvalidated,no parsed cash_flow statement for IVZ FY2021,False,0000914208-22-000319,,
IVZ,2021,operating_income,resolved,us-gaap:OperatingIncomeLoss,1.7882E+9,USD,single_candidate,unvalidated,no parsed income statement for IVZ FY2021,False,0000914208-22-000319,,
IVZ,2021,rd_expense,metric_not_found_in_filing,,,,,,,False,,0000914208-22-000319 reports none of the rd_expense candidates,us-gaap:ResearchAndDevelopmentExpense=?; us-gaap:ResearchAndDevelopmentExpenseExcludingAcquiredInProcessCost=?
IVZ,2021,revenue,resolved,us-gaap:RevenueFromContractWithCustomerExcludingAssessedTax,6.8945E+9,USD,single_candidate,unvalidated,no parsed income statement for IVZ FY2021,False,0000914208-22-000319,,
IVZ,2021,stockholders_equity,resolved,us-gaap:StockholdersEquity,1.54958E+10,USD,single_candidate,unvalidated,no parsed balance statement for IVZ FY2021,False,0000914208-22-000319,,
IVZ,2021,total_assets,resolved,us-gaap:Assets,3.26856E+10,USD,single_candidate,unvalidated,no parsed balance statement for IVZ FY2021,False,0000914208-22-000319,,
IVZ,2021,total_liabilities,resolved,us-gaap:Liabilities,1.60068E+10,USD,single_candidate,unvalidated,no parsed balance statement for IVZ FY2021,False,0000914208-22-000319,,
IVZ,2022,capex,resolved,us-gaap:PaymentsToAcquirePropertyPlantAndEquipment,1.929E+8,USD,single_candidate,unvalidated,no parsed cash_flow statement for IVZ FY2022,False,0000914208-23-000297,,
IVZ,2022,cash_and_equivalents,resolved,us-gaap:CashCashEquivalentsRestrictedCashAndRestrictedCashEquivalents,1.4341E+9,USD,single_candidate_tier2,unvalidated,no parsed balance statement for IVZ FY2022,False,0000914208-23-000297,,
IVZ,2022,eps_diluted,resolved,us-gaap:EarningsPerShareDiluted,1.49,USD/shares,single_candidate,unvalidated,no parsed income statement for IVZ FY2022,False,0000914208-23-000297,,
IVZ,2022,gross_profit,metric_not_found_in_filing,,,,,,,False,,0000914208-23-000297 reports none of the gross_profit candidates,us-gaap:GrossProfit=?
IVZ,2022,net_income,resolved,us-gaap:NetIncomeLoss,6.839E+8,USD,single_candidate,unvalidated,no parsed income statement for IVZ FY2022,False,0000914208-23-000297,,
IVZ,2022,operating_cash_flow,resolved,us-gaap:NetCashProvidedByUsedInOperatingActivities,7.032E+8,USD,single_candidate,unvalidated,no parsed cash_flow statement for IVZ FY2022,False,0000914208-23-000297,,
IVZ,2022,operating_income,resolved,us-gaap:OperatingIncomeLoss,1.3177E+9,USD,single_candidate,unvalidated,no parsed income statement for IVZ FY2022,False,0000914208-23-000297,,
IVZ,2022,rd_expense,metric_not_found_in_filing,,,,,,,False,,0000914208-23-000297 reports none of the rd_expense candidates,us-gaap:ResearchAndDevelopmentExpense=?; us-gaap:ResearchAndDevelopmentExpenseExcludingAcquiredInProcessCost=?
IVZ,2022,revenue,resolved,us-gaap:RevenueFromContractWithCustomerExcludingAssessedTax,6.0489E+9,USD,single_candidate,unvalidated,no parsed income statement for IVZ FY2022,False,0000914208-23-000297,,
IVZ,2022,stockholders_equity,resolved,us-gaap:StockholdersEquity,1.52136E+10,USD,single_candidate,unvalidated,no parsed balance statement for IVZ FY2022,False,0000914208-23-000297,,
IVZ,2022,total_assets,resolved,us-gaap:Assets,2.97568E+10,USD,single_candidate,unvalidated,no parsed balance statement for IVZ FY2022,False,0000914208-23-000297,,
IVZ,2022,total_liabilities,resolved,us-gaap:Liabilities,1.29146E+10,USD,single_candidate,unvalidated,no parsed balance statement for IVZ FY2022,False,0000914208-23-000297,,
IVZ,2023,capex,resolved,us-gaap:PaymentsToAcquirePropertyPlantAndEquipment,1.643E+8,USD,single_candidate,validated,found '164.3' on the statement,False,0000914208-24-000219,,
IVZ,2023,cash_and_equivalents,resolved,us-gaap:CashAndCashEquivalentsAtCarryingValue,1.4692E+9,USD,single_candidate,conflict,"not found among 559 numeric tokens in the parsed balance statement; tried ['1,469.2', '1469.2']",False,0000914208-24-000219,,
IVZ,2023,eps_diluted,resolved,us-gaap:EarningsPerShareDiluted,-0.73,USD/shares,single_candidate,unvalidated,"the parsed income section holds only 19 numeric token(s) in 4173 chars, so it is a heading or a table of contents rather than the statement",False,0000914208-24-000219,,
IVZ,2023,gross_profit,metric_not_found_in_filing,,,,,,,False,,0000914208-24-000219 reports none of the gross_profit candidates,us-gaap:GrossProfit=?
IVZ,2023,net_income,resolved,us-gaap:NetIncomeLoss,-3.337E+8,USD,single_candidate,unvalidated,"the parsed income section holds only 19 numeric token(s) in 4173 chars, so it is a heading or a table of contents rather than the statement",False,0000914208-24-000219,,
IVZ,2023,operating_cash_flow,resolved,us-gaap:NetCashProvidedByUsedInOperatingActivities,1.3008E+9,USD,single_candidate,validated,found '1300.8' on the statement,False,0000914208-24-000219,,
IVZ,2023,operating_income,resolved,us-gaap:OperatingIncomeLoss,-4.348E+8,USD,single_candidate,unvalidated,"the parsed income section holds only 19 numeric token(s) in 4173 chars, so it is a heading or a table of contents rather than the statement",False,0000914208-24-000219,,
IVZ,2023,rd_expense,metric_not_found_in_filing,,,,,,,False,,0000914208-24-000219 reports none of the rd_expense candidates,us-gaap:ResearchAndDevelopmentExpense=?; us-gaap:ResearchAndDevelopmentExpenseExcludingAcquiredInProcessCost=?
IVZ,2023,revenue,resolved,us-gaap:RevenueFromContractWithCustomerExcludingAssessedTax,5.7164E+9,USD,single_candidate,unvalidated,"the parsed income section holds only 19 numeric token(s) in 4173 chars, so it is a heading or a table of contents rather than the statement",False,0000914208-24-000219,,
IVZ,2023,stockholders_equity,resolved,us-gaap:StockholdersEquity,1.45976E+10,USD,single_candidate,conflict,"not found among 559 numeric tokens in the parsed balance statement; tried ['14,597.6', '14597.6']",False,0000914208-24-000219,,
IVZ,2023,total_assets,resolved,us-gaap:Assets,2.89338E+10,USD,single_candidate,conflict,"not found among 559 numeric tokens in the parsed balance statement; tried ['28,933.8', '28933.8']",False,0000914208-24-000219,,
IVZ,2023,total_liabilities,resolved,us-gaap:Liabilities,1.30178E+10,USD,single_candidate,conflict,"not found among 559 numeric tokens in the parsed balance statement; tried ['13,017.8', '13017.8']",False,0000914208-24-000219,,
IVZ,2024,capex,resolved,us-gaap:PaymentsToAcquirePropertyPlantAndEquipment,6.91E+7,USD,single_candidate,validated,found '69.1' on the statement,False,0000914208-25-000114,,
IVZ,2024,cash_and_equivalents,resolved,us-gaap:CashAndCashEquivalentsAtCarryingValue,9.865E+8,USD,single_candidate,validated,found '986.5' on the statement,False,0000914208-25-000114,,
IVZ,2024,eps_diluted,resolved,us-gaap:EarningsPerShareDiluted,1.18,USD/shares,single_candidate,validated,found '1.18' on the statement,False,0000914208-25-000114,,
IVZ,2024,gross_profit,metric_not_found_in_filing,,,,,,,False,,0000914208-25-000114 reports none of the gross_profit candidates,us-gaap:GrossProfit=?
IVZ,2024,net_income,resolved,us-gaap:NetIncomeLoss,5.380E+8,USD,single_candidate,validated,found '538' on the statement,False,0000914208-25-000114,,
IVZ,2024,operating_cash_flow,resolved,us-gaap:NetCashProvidedByUsedInOperatingActivities,1.1900E+9,USD,single_candidate,validated,found '1190' on the statement,False,0000914208-25-000114,,
IVZ,2024,operating_income,resolved,us-gaap:OperatingIncomeLoss,8.321E+8,USD,single_candidate,validated,found '832.1' on the statement,False,0000914208-25-000114,,
IVZ,2024,rd_expense,metric_not_found_in_filing,,,,,,,False,,0000914208-25-000114 reports none of the rd_expense candidates,us-gaap:ResearchAndDevelopmentExpense=?; us-gaap:ResearchAndDevelopmentExpenseExcludingAcquiredInProcessCost=?
IVZ,2024,revenue,resolved,us-gaap:RevenueFromContractWithCustomerExcludingAssessedTax,6.0670E+9,USD,single_candidate,validated,found '6067' on the statement,False,0000914208-25-000114,,
IVZ,2024,stockholders_equity,resolved,us-gaap:StockholdersEquity,1.45599E+10,USD,single_candidate,validated,found '14559.9' on the statement,False,0000914208-25-000114,,
IVZ,2024,total_assets,resolved,us-gaap:Assets,2.70089E+10,USD,single_candidate,validated,found '27008.9' on the statement,False,0000914208-25-000114,,
IVZ,2024,total_liabilities,resolved,us-gaap:Liabilities,1.13401E+10,USD,single_candidate,validated,found '11340.1' on the statement,False,0000914208-25-000114,,
IVZ,2025,capex,resolved,us-gaap:PaymentsToAcquirePropertyPlantAndEquipment,8.43E+7,USD,single_candidate,validated,found '84.3' on the statement,False,0000914208-26-000079,,
IVZ,2025,cash_and_equivalents,resolved,us-gaap:CashAndCashEquivalentsAtCarryingValue,1.0375E+9,USD,single_candidate,validated,found '1037.5' on the statement,False,0000914208-26-000079,,
IVZ,2025,eps_diluted,resolved,us-gaap:EarningsPerShareDiluted,-1.60,USD/shares,single_candidate,validated,found '1.6' on the statement,False,0000914208-26-000079,,
IVZ,2025,gross_profit,metric_not_found_in_filing,,,,,,,False,,0000914208-26-000079 reports none of the gross_profit candidates,us-gaap:GrossProfit=?
IVZ,2025,net_income,resolved,us-gaap:ProfitLoss,-1.748E+8,USD,single_candidate_tier2,validated,found '174.8' on the statement,False,0000914208-26-000079,,
IVZ,2025,operating_cash_flow,resolved,us-gaap:NetCashProvidedByUsedInOperatingActivities,1.5253E+9,USD,single_candidate,validated,found '1525.3' on the statement,False,0000914208-26-000079,,
IVZ,2025,operating_income,resolved,us-gaap:OperatingIncomeLoss,-6.957E+8,USD,single_candidate,validated,found '695.7' on the statement,False,0000914208-26-000079,,
IVZ,2025,rd_expense,metric_not_found_in_filing,,,,,,,False,,0000914208-26-000079 reports none of the rd_expense candidates,us-gaap:ResearchAndDevelopmentExpense=?; us-gaap:ResearchAndDevelopmentExpenseExcludingAcquiredInProcessCost=?
IVZ,2025,revenue,resolved,us-gaap:RevenueFromContractWithCustomerExcludingAssessedTax,6.3771E+9,USD,single_candidate,validated,found '6377.1' on the statement,False,0000914208-26-000079,,
IVZ,2025,stockholders_equity,resolved,us-gaap:StockholdersEquity,1.22310E+10,USD,single_candidate,validated,found '12231' on the statement,False,0000914208-26-000079,,
IVZ,2025,total_assets,resolved,us-gaap:Assets,2.70940E+10,USD,single_candidate,validated,found '27094' on the statement,False,0000914208-26-000079,,
IVZ,2025,total_liabilities,resolved,us-gaap:Liabilities,1.40891E+10,USD,single_candidate,validated,found '14089.1' on the statement,False,0000914208-26-000079,,
JPM,2021,capex,metric_not_found_in_filing,,,,,,,False,,0000019617-22-000272 reports none of the capex candidates,us-gaap:PaymentsToAcquirePropertyPlantAndEquipment=?; us-gaap:PaymentsToAcquireProductiveAssets=?
JPM,2021,cash_and_equivalents,resolved,us-gaap:CashCashEquivalentsRestrictedCashAndRestrictedCashEquivalents,7.40834E+11,USD,single_candidate_tier2,unvalidated,no parsed balance statement for JPM FY2021,False,0000019617-22-000272,,
JPM,2021,eps_diluted,resolved,us-gaap:EarningsPerShareDiluted,15.36,USD/shares,single_candidate,unvalidated,no parsed income statement for JPM FY2021,False,0000019617-22-000272,,
JPM,2021,gross_profit,metric_not_found_in_filing,,,,,,,False,,0000019617-22-000272 reports none of the gross_profit candidates,us-gaap:GrossProfit=?
JPM,2021,net_income,resolved,us-gaap:NetIncomeLoss,4.8334E+10,USD,single_candidate,unvalidated,no parsed income statement for JPM FY2021,False,0000019617-22-000272,,
JPM,2021,operating_cash_flow,resolved,us-gaap:NetCashProvidedByUsedInOperatingActivities,7.8084E+10,USD,single_candidate,unvalidated,no parsed cash_flow statement for JPM FY2021,False,0000019617-22-000272,,
JPM,2021,operating_income,metric_not_found_in_filing,,,,,,,False,,0000019617-22-000272 reports none of the operating_income candidates,us-gaap:OperatingIncomeLoss=?
JPM,2021,rd_expense,metric_not_found_in_filing,,,,,,,False,,0000019617-22-000272 reports none of the rd_expense candidates,us-gaap:ResearchAndDevelopmentExpense=?; us-gaap:ResearchAndDevelopmentExpenseExcludingAcquiredInProcessCost=?
JPM,2021,revenue,resolved,us-gaap:Revenues,1.21649E+11,USD,candidates_agree,unvalidated,no parsed income statement for JPM FY2021,False,0000019617-22-000272,,
JPM,2021,stockholders_equity,resolved,us-gaap:StockholdersEquity,2.94127E+11,USD,single_candidate,unvalidated,no parsed balance statement for JPM FY2021,False,0000019617-22-000272,,
JPM,2021,total_assets,resolved,us-gaap:Assets,3.743567E+12,USD,single_candidate,unvalidated,no parsed balance statement for JPM FY2021,False,0000019617-22-000272,,
JPM,2021,total_liabilities,resolved,us-gaap:Liabilities,3.449440E+12,USD,single_candidate,unvalidated,no parsed balance statement for JPM FY2021,False,0000019617-22-000272,,
JPM,2022,capex,metric_not_found_in_filing,,,,,,,False,,0000019617-23-000231 reports none of the capex candidates,us-gaap:PaymentsToAcquirePropertyPlantAndEquipment=?; us-gaap:PaymentsToAcquireProductiveAssets=?
JPM,2022,cash_and_equivalents,resolved,us-gaap:CashCashEquivalentsRestrictedCashAndRestrictedCashEquivalents,5.67234E+11,USD,single_candidate_tier2,unvalidated,no parsed balance statement for JPM FY2022,False,0000019617-23-000231,,
JPM,2022,eps_diluted,resolved,us-gaap:EarningsPerShareDiluted,12.09,USD/shares,single_candidate,unvalidated,no parsed income statement for JPM FY2022,False,0000019617-23-000231,,
JPM,2022,gross_profit,metric_not_found_in_filing,,,,,,,False,,0000019617-23-000231 reports none of the gross_profit candidates,us-gaap:GrossProfit=?
JPM,2022,net_income,resolved,us-gaap:NetIncomeLoss,3.7676E+10,USD,single_candidate,unvalidated,no parsed income statement for JPM FY2022,False,0000019617-23-000231,,
JPM,2022,operating_cash_flow,resolved,us-gaap:NetCashProvidedByUsedInOperatingActivities,1.07119E+11,USD,single_candidate,unvalidated,no parsed cash_flow statement for JPM FY2022,False,0000019617-23-000231,,
JPM,2022,operating_income,metric_not_found_in_filing,,,,,,,False,,0000019617-23-000231 reports none of the operating_income candidates,us-gaap:OperatingIncomeLoss=?
JPM,2022,rd_expense,metric_not_found_in_filing,,,,,,,False,,0000019617-23-000231 reports none of the rd_expense candidates,us-gaap:ResearchAndDevelopmentExpense=?; us-gaap:ResearchAndDevelopmentExpenseExcludingAcquiredInProcessCost=?
JPM,2022,revenue,resolved,us-gaap:Revenues,1.28695E+11,USD,candidates_agree,unvalidated,no parsed income statement for JPM FY2022,False,0000019617-23-000231,,
JPM,2022,stockholders_equity,resolved,us-gaap:StockholdersEquity,2.92332E+11,USD,single_candidate,unvalidated,no parsed balance statement for JPM FY2022,False,0000019617-23-000231,,
JPM,2022,total_assets,resolved,us-gaap:Assets,3.665743E+12,USD,single_candidate,unvalidated,no parsed balance statement for JPM FY2022,False,0000019617-23-000231,,
JPM,2022,total_liabilities,resolved,us-gaap:Liabilities,3.373411E+12,USD,single_candidate,unvalidated,no parsed balance statement for JPM FY2022,False,0000019617-23-000231,,
JPM,2023,capex,metric_not_found_in_filing,,,,,,,False,,0000019617-24-000225 reports none of the capex candidates,us-gaap:PaymentsToAcquirePropertyPlantAndEquipment=?; us-gaap:PaymentsToAcquireProductiveAssets=?
JPM,2023,cash_and_equivalents,resolved,us-gaap:CashCashEquivalentsRestrictedCashAndRestrictedCashEquivalents,6.24151E+11,USD,single_candidate_tier2,conflict,"not found among 5219 numeric tokens in the parsed balance statement; tried ['624,151', '624151']",False,0000019617-24-000225,,
JPM,2023,eps_diluted,resolved,us-gaap:EarningsPerShareDiluted,16.23,USD/shares,single_candidate,unvalidated,no parsed income statement for JPM FY2023,False,0000019617-24-000225,,
JPM,2023,gross_profit,metric_not_found_in_filing,,,,,,,False,,0000019617-24-000225 reports none of the gross_profit candidates,us-gaap:GrossProfit=?
JPM,2023,net_income,resolved,us-gaap:NetIncomeLoss,4.9552E+10,USD,single_candidate,unvalidated,no parsed income statement for JPM FY2023,False,0000019617-24-000225,,
JPM,2023,operating_cash_flow,resolved,us-gaap:NetCashProvidedByUsedInOperatingActivities,1.2974E+10,USD,single_candidate,validated,found '12974' on the statement,False,0000019617-24-000225,,
JPM,2023,operating_income,metric_not_found_in_filing,,,,,,,False,,0000019617-24-000225 reports none of the operating_income candidates,us-gaap:OperatingIncomeLoss=?
JPM,2023,rd_expense,metric_not_found_in_filing,,,,,,,False,,0000019617-24-000225 reports none of the rd_expense candidates,us-gaap:ResearchAndDevelopmentExpense=?; us-gaap:ResearchAndDevelopmentExpenseExcludingAcquiredInProcessCost=?
JPM,2023,revenue,resolved,us-gaap:Revenues,1.58104E+11,USD,candidates_agree,unvalidated,no parsed income statement for JPM FY2023,False,0000019617-24-000225,,
JPM,2023,stockholders_equity,resolved,us-gaap:StockholdersEquity,3.27878E+11,USD,single_candidate,validated,found '327878' on the statement,False,0000019617-24-000225,,
JPM,2023,total_assets,resolved,us-gaap:Assets,3.875393E+12,USD,single_candidate,validated,found '3875393' on the statement,False,0000019617-24-000225,,
JPM,2023,total_liabilities,resolved,us-gaap:Liabilities,3.547515E+12,USD,single_candidate,conflict,"not found among 5219 numeric tokens in the parsed balance statement; tried ['3,547,515', '3547515']",False,0000019617-24-000225,,
JPM,2024,capex,metric_not_found_in_filing,,,,,,,False,,0000019617-25-000270 reports none of the capex candidates,us-gaap:PaymentsToAcquirePropertyPlantAndEquipment=?; us-gaap:PaymentsToAcquireProductiveAssets=?
JPM,2024,cash_and_equivalents,resolved,us-gaap:CashCashEquivalentsRestrictedCashAndRestrictedCashEquivalents,4.69317E+11,USD,single_candidate_tier2,conflict,"not found among 53 numeric tokens in the parsed balance statement; tried ['469,317', '469317']",False,0000019617-25-000270,,
JPM,2024,eps_diluted,resolved,us-gaap:EarningsPerShareDiluted,19.75,USD/shares,single_candidate,unvalidated,no parsed income statement for JPM FY2024,False,0000019617-25-000270,,
JPM,2024,gross_profit,metric_not_found_in_filing,,,,,,,False,,0000019617-25-000270 reports none of the gross_profit candidates,us-gaap:GrossProfit=?
JPM,2024,net_income,resolved,us-gaap:NetIncomeLoss,5.8471E+10,USD,single_candidate,unvalidated,no parsed income statement for JPM FY2024,False,0000019617-25-000270,,
JPM,2024,operating_cash_flow,resolved,us-gaap:NetCashProvidedByUsedInOperatingActivities,-4.2012E+10,USD,single_candidate,conflict,"not found among 5077 numeric tokens in the parsed cash_flow statement; tried ['42,012', '42012']",False,0000019617-25-000270,,
JPM,2024,operating_income,metric_not_found_in_filing,,,,,,,False,,0000019617-25-000270 reports none of the operating_income candidates,us-gaap:OperatingIncomeLoss=?
JPM,2024,rd_expense,metric_not_found_in_filing,,,,,,,False,,0000019617-25-000270 reports none of the rd_expense candidates,us-gaap:ResearchAndDevelopmentExpense=?; us-gaap:ResearchAndDevelopmentExpenseExcludingAcquiredInProcessCost=?
JPM,2024,revenue,resolved,us-gaap:Revenues,1.77556E+11,USD,candidates_agree,unvalidated,no parsed income statement for JPM FY2024,False,0000019617-25-000270,,
JPM,2024,stockholders_equity,resolved,us-gaap:StockholdersEquity,3.44758E+11,USD,single_candidate,conflict,"not found among 53 numeric tokens in the parsed balance statement; tried ['344,758', '344758']",False,0000019617-25-000270,,
JPM,2024,total_assets,resolved,us-gaap:Assets,4.002814E+12,USD,single_candidate,conflict,"not found among 53 numeric tokens in the parsed balance statement; tried ['4,002,814', '4002814']",False,0000019617-25-000270,,
JPM,2024,total_liabilities,resolved,us-gaap:Liabilities,3.658056E+12,USD,single_candidate,conflict,"not found among 53 numeric tokens in the parsed balance statement; tried ['3,658,056', '3658056']",False,0000019617-25-000270,,
JPM,2025,capex,metric_not_found_in_filing,,,,,,,False,,0001628280-26-008131 reports none of the capex candidates,us-gaap:PaymentsToAcquirePropertyPlantAndEquipment=?; us-gaap:PaymentsToAcquireProductiveAssets=?
JPM,2025,cash_and_equivalents,resolved,us-gaap:CashCashEquivalentsRestrictedCashAndRestrictedCashEquivalents,3.43338E+11,USD,single_candidate_tier2,conflict,"not found among 55 numeric tokens in the parsed balance statement; tried ['343,338', '343338']",False,0001628280-26-008131,,
JPM,2025,eps_diluted,resolved,us-gaap:EarningsPerShareDiluted,20.02,USD/shares,single_candidate,unvalidated,no parsed income statement for JPM FY2025,False,0001628280-26-008131,,
JPM,2025,gross_profit,metric_not_found_in_filing,,,,,,,False,,0001628280-26-008131 reports none of the gross_profit candidates,us-gaap:GrossProfit=?
JPM,2025,net_income,resolved,us-gaap:NetIncomeLoss,5.7048E+10,USD,single_candidate,unvalidated,no parsed income statement for JPM FY2025,False,0001628280-26-008131,,
JPM,2025,operating_cash_flow,resolved,us-gaap:NetCashProvidedByUsedInOperatingActivities,-1.47782E+11,USD,single_candidate,conflict,"not found among 5321 numeric tokens in the parsed cash_flow statement; tried ['147,782', '147782']",False,0001628280-26-008131,,
JPM,2025,operating_income,metric_not_found_in_filing,,,,,,,False,,0001628280-26-008131 reports none of the operating_income candidates,us-gaap:OperatingIncomeLoss=?
JPM,2025,rd_expense,metric_not_found_in_filing,,,,,,,False,,0001628280-26-008131 reports none of the rd_expense candidates,us-gaap:ResearchAndDevelopmentExpense=?; us-gaap:ResearchAndDevelopmentExpenseExcludingAcquiredInProcessCost=?
JPM,2025,revenue,resolved,us-gaap:Revenues,1.82447E+11,USD,candidates_agree,unvalidated,no parsed income statement for JPM FY2025,False,0001628280-26-008131,,
JPM,2025,stockholders_equity,resolved,us-gaap:StockholdersEquity,3.62438E+11,USD,single_candidate,conflict,"not found among 55 numeric tokens in the parsed balance statement; tried ['362,438', '362438']",False,0001628280-26-008131,,
JPM,2025,total_assets,resolved,us-gaap:Assets,4.424900E+12,USD,single_candidate,conflict,"not found among 55 numeric tokens in the parsed balance statement; tried ['4,424,900', '4424900']",False,0001628280-26-008131,,
JPM,2025,total_liabilities,resolved,us-gaap:Liabilities,4.062462E+12,USD,single_candidate,conflict,"not found among 55 numeric tokens in the parsed balance statement; tried ['4,062,462', '4062462']",False,0001628280-26-008131,,
MSFT,2022,capex,resolved,us-gaap:PaymentsToAcquirePropertyPlantAndEquipment,2.3886E+10,USD,single_candidate,unvalidated,no parsed cash_flow statement for MSFT FY2022,False,0001564590-22-026876,,
MSFT,2022,cash_and_equivalents,resolved,us-gaap:CashAndCashEquivalentsAtCarryingValue,1.3931E+10,USD,single_candidate,unvalidated,no parsed balance statement for MSFT FY2022,False,0001564590-22-026876,,
MSFT,2022,eps_diluted,resolved,us-gaap:EarningsPerShareDiluted,9.65,USD/shares,single_candidate,unvalidated,no parsed income statement for MSFT FY2022,False,0001564590-22-026876,,
MSFT,2022,gross_profit,resolved,us-gaap:GrossProfit,1.35620E+11,USD,single_candidate,unvalidated,no parsed income statement for MSFT FY2022,False,0001564590-22-026876,,
MSFT,2022,net_income,resolved,us-gaap:NetIncomeLoss,7.2738E+10,USD,single_candidate,unvalidated,no parsed income statement for MSFT FY2022,False,0001564590-22-026876,,
MSFT,2022,operating_cash_flow,resolved,us-gaap:NetCashProvidedByUsedInOperatingActivities,8.9035E+10,USD,single_candidate,unvalidated,no parsed cash_flow statement for MSFT FY2022,False,0001564590-22-026876,,
MSFT,2022,operating_income,resolved,us-gaap:OperatingIncomeLoss,8.3383E+10,USD,single_candidate,unvalidated,no parsed income statement for MSFT FY2022,False,0001564590-22-026876,,
MSFT,2022,rd_expense,resolved,us-gaap:ResearchAndDevelopmentExpense,2.4512E+10,USD,single_candidate,unvalidated,no parsed income statement for MSFT FY2022,False,0001564590-22-026876,,
MSFT,2022,revenue,resolved,us-gaap:RevenueFromContractWithCustomerExcludingAssessedTax,1.98270E+11,USD,single_candidate,unvalidated,no parsed income statement for MSFT FY2022,False,0001564590-22-026876,,
MSFT,2022,stockholders_equity,resolved,us-gaap:StockholdersEquity,1.66542E+11,USD,single_candidate,unvalidated,no parsed balance statement for MSFT FY2022,False,0001564590-22-026876,,
MSFT,2022,total_assets,resolved,us-gaap:Assets,3.64840E+11,USD,single_candidate,unvalidated,no parsed balance statement for MSFT FY2022,False,0001564590-22-026876,,
MSFT,2022,total_liabilities,resolved,us-gaap:Liabilities,1.98298E+11,USD,single_candidate,unvalidated,no parsed balance statement for MSFT FY2022,False,0001564590-22-026876,,
MSFT,2023,capex,resolved,us-gaap:PaymentsToAcquirePropertyPlantAndEquipment,2.8107E+10,USD,single_candidate,unvalidated,no parsed cash_flow statement for MSFT FY2023,False,0000950170-23-035122,,
MSFT,2023,cash_and_equivalents,resolved,us-gaap:CashAndCashEquivalentsAtCarryingValue,3.4704E+10,USD,single_candidate,unvalidated,no parsed balance statement for MSFT FY2023,False,0000950170-23-035122,,
MSFT,2023,eps_diluted,resolved,us-gaap:EarningsPerShareDiluted,9.68,USD/shares,single_candidate,unvalidated,no parsed income statement for MSFT FY2023,False,0000950170-23-035122,,
MSFT,2023,gross_profit,resolved,us-gaap:GrossProfit,1.46052E+11,USD,single_candidate,unvalidated,no parsed income statement for MSFT FY2023,False,0000950170-23-035122,,
MSFT,2023,net_income,resolved,us-gaap:NetIncomeLoss,7.2361E+10,USD,single_candidate,unvalidated,no parsed income statement for MSFT FY2023,False,0000950170-23-035122,,
MSFT,2023,operating_cash_flow,resolved,us-gaap:NetCashProvidedByUsedInOperatingActivities,8.7582E+10,USD,single_candidate,unvalidated,no parsed cash_flow statement for MSFT FY2023,False,0000950170-23-035122,,
MSFT,2023,operating_income,resolved,us-gaap:OperatingIncomeLoss,8.8523E+10,USD,single_candidate,unvalidated,no parsed income statement for MSFT FY2023,False,0000950170-23-035122,,
MSFT,2023,rd_expense,resolved,us-gaap:ResearchAndDevelopmentExpense,2.7195E+10,USD,single_candidate,unvalidated,no parsed income statement for MSFT FY2023,False,0000950170-23-035122,,
MSFT,2023,revenue,resolved,us-gaap:RevenueFromContractWithCustomerExcludingAssessedTax,2.11915E+11,USD,single_candidate,unvalidated,no parsed income statement for MSFT FY2023,False,0000950170-23-035122,,
MSFT,2023,stockholders_equity,resolved,us-gaap:StockholdersEquity,2.06223E+11,USD,single_candidate,unvalidated,no parsed balance statement for MSFT FY2023,False,0000950170-23-035122,,
MSFT,2023,total_assets,resolved,us-gaap:Assets,4.11976E+11,USD,single_candidate,unvalidated,no parsed balance statement for MSFT FY2023,False,0000950170-23-035122,,
MSFT,2023,total_liabilities,resolved,us-gaap:Liabilities,2.05753E+11,USD,single_candidate,unvalidated,no parsed balance statement for MSFT FY2023,False,0000950170-23-035122,,
MSFT,2024,capex,resolved,us-gaap:PaymentsToAcquirePropertyPlantAndEquipment,4.4477E+10,USD,single_candidate,unvalidated,no parsed cash_flow statement for MSFT FY2024,False,0000950170-24-087843,,
MSFT,2024,cash_and_equivalents,resolved,us-gaap:CashAndCashEquivalentsAtCarryingValue,1.8315E+10,USD,single_candidate,validated,found '18315' on the statement,False,0000950170-24-087843,,
MSFT,2024,eps_diluted,resolved,us-gaap:EarningsPerShareDiluted,11.80,USD/shares,single_candidate,validated,found '11.8' on the statement,False,0000950170-24-087843,,
MSFT,2024,gross_profit,resolved,us-gaap:GrossProfit,1.71008E+11,USD,single_candidate,conflict,"not found among 1292 numeric tokens in the parsed income statement; tried ['171,008', '171008']",False,0000950170-24-087843,,
MSFT,2024,net_income,resolved,us-gaap:NetIncomeLoss,8.8136E+10,USD,single_candidate,conflict,"not found among 1292 numeric tokens in the parsed income statement; tried ['88,136', '88136']",False,0000950170-24-087843,,
MSFT,2024,operating_cash_flow,resolved,us-gaap:NetCashProvidedByUsedInOperatingActivities,1.18548E+11,USD,single_candidate,unvalidated,no parsed cash_flow statement for MSFT FY2024,False,0000950170-24-087843,,
MSFT,2024,operating_income,resolved,us-gaap:OperatingIncomeLoss,1.09433E+11,USD,single_candidate,validated,found '109433' on the statement,False,0000950170-24-087843,,
MSFT,2024,rd_expense,resolved,us-gaap:ResearchAndDevelopmentExpense,2.9510E+10,USD,single_candidate,conflict,"not found among 1292 numeric tokens in the parsed income statement; tried ['29,510', '29510']",False,0000950170-24-087843,,
MSFT,2024,revenue,resolved,us-gaap:RevenueFromContractWithCustomerExcludingAssessedTax,2.45122E+11,USD,single_candidate,validated,found '245122' on the statement,False,0000950170-24-087843,,
MSFT,2024,stockholders_equity,resolved,us-gaap:StockholdersEquity,2.68477E+11,USD,single_candidate,conflict,"not found among 493 numeric tokens in the parsed balance statement; tried ['268,477', '268477']",False,0000950170-24-087843,,
MSFT,2024,total_assets,resolved,us-gaap:Assets,5.12163E+11,USD,single_candidate,conflict,"not found among 493 numeric tokens in the parsed balance statement; tried ['512,163', '512163']",False,0000950170-24-087843,,
MSFT,2024,total_liabilities,resolved,us-gaap:Liabilities,2.43686E+11,USD,single_candidate,conflict,"not found among 493 numeric tokens in the parsed balance statement; tried ['243,686', '243686']",False,0000950170-24-087843,,
MSFT,2025,capex,resolved,us-gaap:PaymentsToAcquirePropertyPlantAndEquipment,6.4551E+10,USD,single_candidate,unvalidated,no parsed cash_flow statement for MSFT FY2025,False,0000950170-25-100235,,
MSFT,2025,cash_and_equivalents,resolved,us-gaap:CashAndCashEquivalentsAtCarryingValue,3.0242E+10,USD,single_candidate,validated,found '30242' on the statement,False,0000950170-25-100235,,
MSFT,2025,eps_diluted,resolved,us-gaap:EarningsPerShareDiluted,13.64,USD/shares,single_candidate,unvalidated,"the parsed income section holds only 4 numeric token(s) in 10938 chars, so it is a heading or a table of contents rather than the statement",False,0000950170-25-100235,,
MSFT,2025,gross_profit,resolved,us-gaap:GrossProfit,1.93893E+11,USD,single_candidate,unvalidated,"the parsed income section holds only 4 numeric token(s) in 10938 chars, so it is a heading or a table of contents rather than the statement",False,0000950170-25-100235,,
MSFT,2025,net_income,resolved,us-gaap:NetIncomeLoss,1.01832E+11,USD,single_candidate,unvalidated,"the parsed income section holds only 4 numeric token(s) in 10938 chars, so it is a heading or a table of contents rather than the statement",False,0000950170-25-100235,,
MSFT,2025,operating_cash_flow,resolved,us-gaap:NetCashProvidedByUsedInOperatingActivities,1.36162E+11,USD,single_candidate,unvalidated,no parsed cash_flow statement for MSFT FY2025,False,0000950170-25-100235,,
MSFT,2025,operating_income,resolved,us-gaap:OperatingIncomeLoss,1.28528E+11,USD,single_candidate,unvalidated,"the parsed income section holds only 4 numeric token(s) in 10938 chars, so it is a heading or a table of contents rather than the statement",False,0000950170-25-100235,,
MSFT,2025,rd_expense,resolved,us-gaap:ResearchAndDevelopmentExpense,3.2488E+10,USD,single_candidate,unvalidated,"the parsed income section holds only 4 numeric token(s) in 10938 chars, so it is a heading or a table of contents rather than the statement",False,0000950170-25-100235,,
MSFT,2025,revenue,resolved,us-gaap:RevenueFromContractWithCustomerExcludingAssessedTax,2.81724E+11,USD,single_candidate,unvalidated,"the parsed income section holds only 4 numeric token(s) in 10938 chars, so it is a heading or a table of contents rather than the statement",False,0000950170-25-100235,,
MSFT,2025,stockholders_equity,resolved,us-gaap:StockholdersEquity,3.43479E+11,USD,single_candidate,conflict,"not found among 1822 numeric tokens in the parsed balance statement; tried ['343,479', '343479']",False,0000950170-25-100235,,
MSFT,2025,total_assets,resolved,us-gaap:Assets,6.19003E+11,USD,single_candidate,conflict,"not found among 1822 numeric tokens in the parsed balance statement; tried ['619,003', '619003']",False,0000950170-25-100235,,
MSFT,2025,total_liabilities,resolved,us-gaap:Liabilities,2.75524E+11,USD,single_candidate,conflict,"not found among 1822 numeric tokens in the parsed balance statement; tried ['275,524', '275524']",False,0000950170-25-100235,,
MSFT,2026,capex,resolved,us-gaap:PaymentsToAcquirePropertyPlantAndEquipment,1.15948E+11,USD,single_candidate,unvalidated,no parsed cash_flow statement for MSFT FY2026,False,0001193125-26-323660,,
MSFT,2026,cash_and_equivalents,resolved,us-gaap:CashAndCashEquivalentsAtCarryingValue,2.0935E+10,USD,single_candidate,validated,found '20935' on the statement,False,0001193125-26-323660,,
MSFT,2026,eps_diluted,resolved,us-gaap:EarningsPerShareDiluted,17.95,USD/shares,single_candidate,unvalidated,no parsed income statement for MSFT FY2026,False,0001193125-26-323660,,
MSFT,2026,gross_profit,resolved,us-gaap:GrossProfit,2.25465E+11,USD,single_candidate,unvalidated,no parsed income statement for MSFT FY2026,False,0001193125-26-323660,,
MSFT,2026,net_income,resolved,us-gaap:NetIncomeLoss,1.33749E+11,USD,single_candidate,unvalidated,no parsed income statement for MSFT FY2026,False,0001193125-26-323660,,
MSFT,2026,operating_cash_flow,resolved,us-gaap:NetCashProvidedByUsedInOperatingActivities,1.82935E+11,USD,single_candidate,unvalidated,no parsed cash_flow statement for MSFT FY2026,False,0001193125-26-323660,,
MSFT,2026,operating_income,resolved,us-gaap:OperatingIncomeLoss,1.55237E+11,USD,single_candidate,unvalidated,no parsed income statement for MSFT FY2026,False,0001193125-26-323660,,
MSFT,2026,rd_expense,resolved,us-gaap:ResearchAndDevelopmentExpense,3.5562E+10,USD,single_candidate,unvalidated,no parsed income statement for MSFT FY2026,False,0001193125-26-323660,,
MSFT,2026,revenue,resolved,us-gaap:RevenueFromContractWithCustomerExcludingAssessedTax,3.31839E+11,USD,single_candidate,unvalidated,no parsed income statement for MSFT FY2026,False,0001193125-26-323660,,
MSFT,2026,stockholders_equity,resolved,us-gaap:StockholdersEquity,4.42387E+11,USD,single_candidate,conflict,"not found among 1924 numeric tokens in the parsed balance statement; tried ['442,387', '442387']",False,0001193125-26-323660,,
MSFT,2026,total_assets,resolved,us-gaap:Assets,7.58376E+11,USD,single_candidate,conflict,"not found among 1924 numeric tokens in the parsed balance statement; tried ['758,376', '758376']",False,0001193125-26-323660,,
MSFT,2026,total_liabilities,resolved,us-gaap:Liabilities,3.15989E+11,USD,single_candidate,conflict,"not found among 1924 numeric tokens in the parsed balance statement; tried ['315,989', '315989']",False,0001193125-26-323660,,
NFLX,2021,capex,resolved,us-gaap:PaymentsToAcquirePropertyPlantAndEquipment,5.24585E+8,USD,single_candidate,unvalidated,no parsed cash_flow statement for NFLX FY2021,False,0001065280-22-000036,,
NFLX,2021,cash_and_equivalents,resolved,us-gaap:CashAndCashEquivalentsAtCarryingValue,6.027804E+9,USD,single_candidate,unvalidated,no parsed balance statement for NFLX FY2021,False,0001065280-22-000036,,
NFLX,2021,eps_diluted,resolved,us-gaap:EarningsPerShareDiluted,11.24,USD/shares,single_candidate,unvalidated,no parsed income statement for NFLX FY2021,False,0001065280-22-000036,,
NFLX,2021,gross_profit,metric_not_found_in_filing,,,,,,,False,,0001065280-22-000036 reports none of the gross_profit candidates,us-gaap:GrossProfit=?
NFLX,2021,net_income,resolved,us-gaap:NetIncomeLoss,5.116228E+9,USD,single_candidate,unvalidated,no parsed income statement for NFLX FY2021,False,0001065280-22-000036,,
NFLX,2021,operating_cash_flow,resolved,us-gaap:NetCashProvidedByUsedInOperatingActivities,3.92610E+8,USD,single_candidate,unvalidated,no parsed cash_flow statement for NFLX FY2021,False,0001065280-22-000036,,
NFLX,2021,operating_income,resolved,us-gaap:OperatingIncomeLoss,6.194509E+9,USD,single_candidate,unvalidated,no parsed income statement for NFLX FY2021,False,0001065280-22-000036,,
NFLX,2021,rd_expense,metric_not_found_in_filing,,,,,,,False,,0001065280-22-000036 reports none of the rd_expense candidates,us-gaap:ResearchAndDevelopmentExpense=?; us-gaap:ResearchAndDevelopmentExpenseExcludingAcquiredInProcessCost=?
NFLX,2021,revenue,resolved,us-gaap:Revenues,2.9697844E+10,USD,single_candidate,unvalidated,no parsed income statement for NFLX FY2021,False,0001065280-22-000036,,
NFLX,2021,stockholders_equity,resolved,us-gaap:StockholdersEquity,1.5849248E+10,USD,single_candidate,unvalidated,no parsed balance statement for NFLX FY2021,False,0001065280-22-000036,,
NFLX,2021,total_assets,resolved,us-gaap:Assets,4.4584663E+10,USD,single_candidate,unvalidated,no parsed balance statement for NFLX FY2021,False,0001065280-22-000036,,
NFLX,2021,total_liabilities,resolved,us-gaap:Liabilities,2.8735415E+10,USD,single_candidate,unvalidated,no parsed balance statement for NFLX FY2021,False,0001065280-22-000036,,
NFLX,2022,capex,resolved,us-gaap:PaymentsToAcquirePropertyPlantAndEquipment,4.07729E+8,USD,single_candidate,unvalidated,no parsed cash_flow statement for NFLX FY2022,False,0001065280-23-000035,,
NFLX,2022,cash_and_equivalents,resolved,us-gaap:CashAndCashEquivalentsAtCarryingValue,5.147176E+9,USD,single_candidate,unvalidated,no parsed balance statement for NFLX FY2022,False,0001065280-23-000035,,
NFLX,2022,eps_diluted,resolved,us-gaap:EarningsPerShareDiluted,9.95,USD/shares,single_candidate,unvalidated,no parsed income statement for NFLX FY2022,False,0001065280-23-000035,,
NFLX,2022,gross_profit,metric_not_found_in_filing,,,,,,,False,,0001065280-23-000035 reports none of the gross_profit candidates,us-gaap:GrossProfit=?
NFLX,2022,net_income,resolved,us-gaap:NetIncomeLoss,4.491924E+9,USD,single_candidate,unvalidated,no parsed income statement for NFLX FY2022,False,0001065280-23-000035,,
NFLX,2022,operating_cash_flow,resolved,us-gaap:NetCashProvidedByUsedInOperatingActivities,2.026257E+9,USD,single_candidate,unvalidated,no parsed cash_flow statement for NFLX FY2022,False,0001065280-23-000035,,
NFLX,2022,operating_income,resolved,us-gaap:OperatingIncomeLoss,5.632831E+9,USD,single_candidate,unvalidated,no parsed income statement for NFLX FY2022,False,0001065280-23-000035,,
NFLX,2022,rd_expense,resolved,us-gaap:ResearchAndDevelopmentExpense,2.711041E+9,USD,single_candidate,unvalidated,no parsed income statement for NFLX FY2022,False,0001065280-23-000035,,
NFLX,2022,revenue,resolved,us-gaap:Revenues,3.1615550E+10,USD,single_candidate,unvalidated,no parsed income statement for NFLX FY2022,False,0001065280-23-000035,,
NFLX,2022,stockholders_equity,resolved,us-gaap:StockholdersEquity,2.0777401E+10,USD,single_candidate,unvalidated,no parsed balance statement for NFLX FY2022,False,0001065280-23-000035,,
NFLX,2022,total_assets,resolved,us-gaap:Assets,4.8594768E+10,USD,single_candidate,unvalidated,no parsed balance statement for NFLX FY2022,False,0001065280-23-000035,,
NFLX,2022,total_liabilities,resolved,us-gaap:Liabilities,2.7817367E+10,USD,single_candidate,unvalidated,no parsed balance statement for NFLX FY2022,False,0001065280-23-000035,,
NFLX,2023,capex,resolved,us-gaap:PaymentsToAcquirePropertyPlantAndEquipment,3.48552E+8,USD,single_candidate,validated,"found '348,552' on the statement",False,0001065280-24-000030,,
NFLX,2023,cash_and_equivalents,resolved,us-gaap:CashAndCashEquivalentsAtCarryingValue,7.116913E+9,USD,single_candidate,validated,found '7116913' on the statement,False,0001065280-24-000030,,
NFLX,2023,eps_diluted,resolved,us-gaap:EarningsPerShareDiluted,12.03,USD/shares,single_candidate,validated,found '12.03' on the statement,False,0001065280-24-000030,,
NFLX,2023,gross_profit,metric_not_found_in_filing,,,,,,,False,,0001065280-24-000030 reports none of the gross_profit candidates,us-gaap:GrossProfit=?
NFLX,2023,net_income,resolved,us-gaap:NetIncomeLoss,5.407990E+9,USD,single_candidate,validated,found '5407990' on the statement,False,0001065280-24-000030,,
NFLX,2023,operating_cash_flow,resolved,us-gaap:NetCashProvidedByUsedInOperatingActivities,7.274301E+9,USD,single_candidate,validated,found '7274301' on the statement,False,0001065280-24-000030,,
NFLX,2023,operating_income,resolved,us-gaap:OperatingIncomeLoss,6.954003E+9,USD,single_candidate,validated,found '6954003' on the statement,False,0001065280-24-000030,,
NFLX,2023,rd_expense,resolved,us-gaap:ResearchAndDevelopmentExpense,2.675758E+9,USD,single_candidate,validated,found '2675758' on the statement,False,0001065280-24-000030,,
NFLX,2023,revenue,resolved,us-gaap:Revenues,3.3723297E+10,USD,single_candidate,validated,found '33723297' on the statement,False,0001065280-24-000030,,
NFLX,2023,stockholders_equity,resolved,us-gaap:StockholdersEquity,2.0588313E+10,USD,single_candidate,validated,found '20588313' on the statement,False,0001065280-24-000030,,
NFLX,2023,total_assets,resolved,us-gaap:Assets,4.8731992E+10,USD,single_candidate,validated,found '48731992' on the statement,False,0001065280-24-000030,,
NFLX,2023,total_liabilities,resolved,us-gaap:Liabilities,2.8143679E+10,USD,single_candidate,validated,found '28143679' on the statement,False,0001065280-24-000030,,
NFLX,2024,capex,resolved,us-gaap:PaymentsToAcquirePropertyPlantAndEquipment,4.39538E+8,USD,single_candidate,validated,"found '439,538' on the statement",False,0001065280-25-000044,,
NFLX,2024,cash_and_equivalents,resolved,us-gaap:CashAndCashEquivalentsAtCarryingValue,7.804733E+9,USD,single_candidate,validated,found '7804733' on the statement,False,0001065280-25-000044,,
NFLX,2024,eps_diluted,resolved,us-gaap:EarningsPerShareDiluted,19.83,USD/shares,single_candidate,validated,found '19.83' on the statement,False,0001065280-25-000044,,
NFLX,2024,gross_profit,metric_not_found_in_filing,,,,,,,False,,0001065280-25-000044 reports none of the gross_profit candidates,us-gaap:GrossProfit=?
NFLX,2024,net_income,resolved,us-gaap:NetIncomeLoss,8.711631E+9,USD,single_candidate,validated,found '8711631' on the statement,False,0001065280-25-000044,,
NFLX,2024,operating_cash_flow,resolved,us-gaap:NetCashProvidedByUsedInOperatingActivities,7.361364E+9,USD,single_candidate,validated,found '7361364' on the statement,False,0001065280-25-000044,,
NFLX,2024,operating_income,resolved,us-gaap:OperatingIncomeLoss,1.0417614E+10,USD,single_candidate,validated,found '10417614' on the statement,False,0001065280-25-000044,,
NFLX,2024,rd_expense,resolved,us-gaap:ResearchAndDevelopmentExpense,2.925295E+9,USD,single_candidate,validated,found '2925295' on the statement,False,0001065280-25-000044,,
NFLX,2024,revenue,resolved,us-gaap:Revenues,3.9000966E+10,USD,single_candidate,validated,found '39000966' on the statement,False,0001065280-25-000044,,
NFLX,2024,stockholders_equity,resolved,us-gaap:StockholdersEquity,2.4743567E+10,USD,single_candidate,validated,found '24743567' on the statement,False,0001065280-25-000044,,
NFLX,2024,total_assets,resolved,us-gaap:Assets,5.3630374E+10,USD,single_candidate,validated,found '53630374' on the statement,False,0001065280-25-000044,,
NFLX,2024,total_liabilities,resolved,us-gaap:Liabilities,2.8886807E+10,USD,single_candidate,validated,found '28886807' on the statement,False,0001065280-25-000044,,
NFLX,2025,capex,resolved,us-gaap:PaymentsToAcquirePropertyPlantAndEquipment,6.88220E+8,USD,single_candidate,validated,"found '688,220' on the statement",False,0001065280-26-000034,,
NFLX,2025,cash_and_equivalents,resolved,us-gaap:CashAndCashEquivalentsAtCarryingValue,9.033681E+9,USD,single_candidate,validated,found '9033681' on the statement,False,0001065280-26-000034,,
NFLX,2025,eps_diluted,resolved,us-gaap:EarningsPerShareDiluted,2.53,USD/shares,single_candidate,validated,found '2.53' on the statement,False,0001065280-26-000034,,
NFLX,2025,gross_profit,metric_not_found_in_filing,,,,,,,False,,0001065280-26-000034 reports none of the gross_profit candidates,us-gaap:GrossProfit=?
NFLX,2025,net_income,resolved,us-gaap:NetIncomeLoss,1.0981201E+10,USD,single_candidate,validated,found '10981201' on the statement,False,0001065280-26-000034,,
NFLX,2025,operating_cash_flow,resolved,us-gaap:NetCashProvidedByUsedInOperatingActivities,1.0149273E+10,USD,single_candidate,validated,found '10149273' on the statement,False,0001065280-26-000034,,
NFLX,2025,operating_income,resolved,us-gaap:OperatingIncomeLoss,1.3326603E+10,USD,single_candidate,validated,found '13326603' on the statement,False,0001065280-26-000034,,
NFLX,2025,rd_expense,resolved,us-gaap:ResearchAndDevelopmentExpense,3.391390E+9,USD,single_candidate,validated,found '3391390' on the statement,False,0001065280-26-000034,,
NFLX,2025,revenue,resolved,us-gaap:Revenues,4.5183036E+10,USD,single_candidate,validated,found '45183036' on the statement,False,0001065280-26-000034,,
NFLX,2025,stockholders_equity,resolved,us-gaap:StockholdersEquity,2.6615488E+10,USD,single_candidate,validated,found '26615488' on the statement,False,0001065280-26-000034,,
NFLX,2025,total_assets,resolved,us-gaap:Assets,5.5596993E+10,USD,single_candidate,validated,found '55596993' on the statement,False,0001065280-26-000034,,
NFLX,2025,total_liabilities,resolved,us-gaap:Liabilities,2.8981505E+10,USD,single_candidate,validated,found '28981505' on the statement,False,0001065280-26-000034,,
STT,2021,capex,resolved,us-gaap:PaymentsToAcquirePropertyPlantAndEquipment,8.11E+8,USD,single_candidate,unvalidated,no parsed cash_flow statement for STT FY2021,False,0000093751-22-000424,,
STT,2021,cash_and_equivalents,resolved,us-gaap:CashCashEquivalentsRestrictedCashAndRestrictedCashEquivalents,3.631E+9,USD,single_candidate_tier2,unvalidated,no parsed balance statement for STT FY2021,False,0000093751-22-000424,,
STT,2021,eps_diluted,resolved,us-gaap:EarningsPerShareDiluted,7.19,USD/shares,single_candidate,unvalidated,no parsed income statement for STT FY2021,False,0000093751-22-000424,,
STT,2021,gross_profit,metric_not_found_in_filing,,,,,,,False,,0000093751-22-000424 reports none of the gross_profit candidates,us-gaap:GrossProfit=?
STT,2021,net_income,resolved,us-gaap:NetIncomeLoss,2.693E+9,USD,single_candidate,unvalidated,no parsed income statement for STT FY2021,False,0000093751-22-000424,,
STT,2021,operating_cash_flow,resolved,us-gaap:NetCashProvidedByUsedInOperatingActivities,-6.710E+9,USD,single_candidate,unvalidated,no parsed cash_flow statement for STT FY2021,False,0000093751-22-000424,,
STT,2021,operating_income,metric_not_found_in_filing,,,,,,,False,,0000093751-22-000424 reports none of the operating_income candidates,us-gaap:OperatingIncomeLoss=?
STT,2021,rd_expense,metric_not_found_in_filing,,,,,,,False,,0000093751-22-000424 reports none of the rd_expense candidates,us-gaap:ResearchAndDevelopmentExpense=?; us-gaap:ResearchAndDevelopmentExpenseExcludingAcquiredInProcessCost=?
STT,2021,revenue,resolved,us-gaap:Revenues,1.2027E+10,USD,single_candidate,unvalidated,no parsed income statement for STT FY2021,False,0000093751-22-000424,,
STT,2021,stockholders_equity,resolved,us-gaap:StockholdersEquity,2.7363E+10,USD,single_candidate,unvalidated,no parsed balance statement for STT FY2021,False,0000093751-22-000424,,
STT,2021,total_assets,resolved,us-gaap:Assets,3.14624E+11,USD,single_candidate,unvalidated,no parsed balance statement for STT FY2021,False,0000093751-22-000424,,
STT,2021,total_liabilities,resolved,us-gaap:Liabilities,2.87261E+11,USD,single_candidate,unvalidated,no parsed balance statement for STT FY2021,False,0000093751-22-000424,,
STT,2022,capex,resolved,us-gaap:PaymentsToAcquirePropertyPlantAndEquipment,7.34E+8,USD,single_candidate,unvalidated,no parsed cash_flow statement for STT FY2022,False,0000093751-23-000489,,
STT,2022,cash_and_equivalents,resolved,us-gaap:CashCashEquivalentsRestrictedCashAndRestrictedCashEquivalents,3.970E+9,USD,single_candidate_tier2,unvalidated,no parsed balance statement for STT FY2022,False,0000093751-23-000489,,
STT,2022,eps_diluted,resolved,us-gaap:EarningsPerShareDiluted,7.19,USD/shares,single_candidate,unvalidated,no parsed income statement for STT FY2022,False,0000093751-23-000489,,
STT,2022,gross_profit,metric_not_found_in_filing,,,,,,,False,,0000093751-23-000489 reports none of the gross_profit candidates,us-gaap:GrossProfit=?
STT,2022,net_income,resolved,us-gaap:NetIncomeLoss,2.774E+9,USD,single_candidate,unvalidated,no parsed income statement for STT FY2022,False,0000093751-23-000489,,
STT,2022,operating_cash_flow,resolved,us-gaap:NetCashProvidedByUsedInOperatingActivities,1.1954E+10,USD,single_candidate,unvalidated,no parsed cash_flow statement for STT FY2022,False,0000093751-23-000489,,
STT,2022,operating_income,metric_not_found_in_filing,,,,,,,False,,0000093751-23-000489 reports none of the operating_income candidates,us-gaap:OperatingIncomeLoss=?
STT,2022,rd_expense,metric_not_found_in_filing,,,,,,,False,,0000093751-23-000489 reports none of the rd_expense candidates,us-gaap:ResearchAndDevelopmentExpense=?; us-gaap:ResearchAndDevelopmentExpenseExcludingAcquiredInProcessCost=?
STT,2022,revenue,resolved,us-gaap:Revenues,1.2148E+10,USD,single_candidate,unvalidated,no parsed income statement for STT FY2022,False,0000093751-23-000489,,
STT,2022,stockholders_equity,resolved,us-gaap:StockholdersEquity,2.5191E+10,USD,single_candidate,unvalidated,no parsed balance statement for STT FY2022,False,0000093751-23-000489,,
STT,2022,total_assets,resolved,us-gaap:Assets,3.01450E+11,USD,single_candidate,unvalidated,no parsed balance statement for STT FY2022,False,0000093751-23-000489,,
STT,2022,total_liabilities,resolved,us-gaap:Liabilities,2.76259E+11,USD,single_candidate,unvalidated,no parsed balance statement for STT FY2022,False,0000093751-23-000489,,
STT,2023,capex,resolved,us-gaap:PaymentsToAcquirePropertyPlantAndEquipment,8.16E+8,USD,single_candidate,validated,found '816' on the statement,False,0000093751-24-000498,,
STT,2023,cash_and_equivalents,resolved,us-gaap:CashCashEquivalentsRestrictedCashAndRestrictedCashEquivalents,4.047E+9,USD,single_candidate_tier2,unvalidated,no parsed balance statement for STT FY2023,False,0000093751-24-000498,,
STT,2023,eps_diluted,resolved,us-gaap:EarningsPerShareDiluted,5.58,USD/shares,single_candidate,validated,found '5.58' on the statement,False,0000093751-24-000498,,
STT,2023,gross_profit,metric_not_found_in_filing,,,,,,,False,,0000093751-24-000498 reports none of the gross_profit candidates,us-gaap:GrossProfit=?
STT,2023,net_income,resolved,us-gaap:NetIncomeLoss,1.944E+9,USD,single_candidate,validated,"found '1,944' on the statement",False,0000093751-24-000498,,
STT,2023,operating_cash_flow,resolved,us-gaap:NetCashProvidedByUsedInOperatingActivities,6.90E+8,USD,single_candidate,validated,found '690' on the statement,False,0000093751-24-000498,,
STT,2023,operating_income,metric_not_found_in_filing,,,,,,,False,,0000093751-24-000498 reports none of the operating_income candidates,us-gaap:OperatingIncomeLoss=?
STT,2023,rd_expense,metric_not_found_in_filing,,,,,,,False,,0000093751-24-000498 reports none of the rd_expense candidates,us-gaap:ResearchAndDevelopmentExpense=?; us-gaap:ResearchAndDevelopmentExpenseExcludingAcquiredInProcessCost=?
STT,2023,revenue,resolved,us-gaap:Revenues,1.1945E+10,USD,single_candidate,validated,found '11945' on the statement,False,0000093751-24-000498,,
STT,2023,stockholders_equity,resolved,us-gaap:StockholdersEquity,2.3799E+10,USD,single_candidate,unvalidated,no parsed balance statement for STT FY2023,False,0000093751-24-000498,,
STT,2023,total_assets,resolved,us-gaap:Assets,2.97258E+11,USD,single_candidate,unvalidated,no parsed balance statement for STT FY2023,False,0000093751-24-000498,,
STT,2023,total_liabilities,resolved,us-gaap:Liabilities,2.73459E+11,USD,single_candidate,unvalidated,no parsed balance statement for STT FY2023,False,0000093751-24-000498,,
STT,2024,capex,resolved,us-gaap:PaymentsToAcquirePropertyPlantAndEquipment,9.26E+8,USD,single_candidate,validated,found '926' on the statement,False,0000093751-25-000111,,
STT,2024,cash_and_equivalents,resolved,us-gaap:CashCashEquivalentsRestrictedCashAndRestrictedCashEquivalents,3.145E+9,USD,single_candidate_tier2,unvalidated,no parsed balance statement for STT FY2024,False,0000093751-25-000111,,
STT,2024,eps_diluted,resolved,us-gaap:EarningsPerShareDiluted,8.21,USD/shares,single_candidate,validated,found '8.21' on the statement,False,0000093751-25-000111,,
STT,2024,gross_profit,metric_not_found_in_filing,,,,,,,False,,0000093751-25-000111 reports none of the gross_profit candidates,us-gaap:GrossProfit=?
STT,2024,net_income,resolved,us-gaap:NetIncomeLoss,2.687E+9,USD,single_candidate,validated,found '2687' on the statement,False,0000093751-25-000111,,
STT,2024,operating_cash_flow,resolved,us-gaap:NetCashProvidedByUsedInOperatingActivities,-1.3210E+10,USD,single_candidate,validated,"found '13,210' on the statement",False,0000093751-25-000111,,
STT,2024,operating_income,metric_not_found_in_filing,,,,,,,False,,0000093751-25-000111 reports none of the operating_income candidates,us-gaap:OperatingIncomeLoss=?
STT,2024,rd_expense,metric_not_found_in_filing,,,,,,,False,,0000093751-25-000111 reports none of the rd_expense candidates,us-gaap:ResearchAndDevelopmentExpense=?; us-gaap:ResearchAndDevelopmentExpenseExcludingAcquiredInProcessCost=?
STT,2024,revenue,resolved,us-gaap:Revenues,1.3000E+10,USD,single_candidate,validated,found '13000' on the statement,False,0000093751-25-000111,,
STT,2024,stockholders_equity,resolved,us-gaap:StockholdersEquity,2.5326E+10,USD,single_candidate,unvalidated,no parsed balance statement for STT FY2024,False,0000093751-25-000111,,
STT,2024,total_assets,resolved,us-gaap:Assets,3.53240E+11,USD,single_candidate,unvalidated,no parsed balance statement for STT FY2024,False,0000093751-25-000111,,
STT,2024,total_liabilities,resolved,us-gaap:Liabilities,3.27914E+11,USD,single_candidate,unvalidated,no parsed balance statement for STT FY2024,False,0000093751-25-000111,,
STT,2025,capex,resolved,us-gaap:PaymentsToAcquirePropertyPlantAndEquipment,1.055E+9,USD,single_candidate,validated,"found '1,055' on the statement",False,0000093751-26-000124,,
STT,2025,cash_and_equivalents,resolved,us-gaap:CashCashEquivalentsRestrictedCashAndRestrictedCashEquivalents,4.433E+9,USD,single_candidate_tier2,unvalidated,no parsed balance statement for STT FY2025,False,0000093751-26-000124,,
STT,2025,eps_diluted,resolved,us-gaap:EarningsPerShareDiluted,9.40,USD/shares,single_candidate,validated,found '9.4' on the statement,False,0000093751-26-000124,,
STT,2025,gross_profit,metric_not_found_in_filing,,,,,,,False,,0000093751-26-000124 reports none of the gross_profit candidates,us-gaap:GrossProfit=?
STT,2025,net_income,resolved,us-gaap:NetIncomeLoss,2.945E+9,USD,single_candidate,validated,found '2945' on the statement,False,0000093751-26-000124,,
STT,2025,operating_cash_flow,resolved,us-gaap:NetCashProvidedByUsedInOperatingActivities,1.1898E+10,USD,single_candidate,validated,found '11898' on the statement,False,0000093751-26-000124,,
STT,2025,operating_income,metric_not_found_in_filing,,,,,,,False,,0000093751-26-000124 reports none of the operating_income candidates,us-gaap:OperatingIncomeLoss=?
STT,2025,rd_expense,metric_not_found_in_filing,,,,,,,False,,0000093751-26-000124 reports none of the rd_expense candidates,us-gaap:ResearchAndDevelopmentExpense=?; us-gaap:ResearchAndDevelopmentExpenseExcludingAcquiredInProcessCost=?
STT,2025,revenue,resolved,us-gaap:Revenues,1.3944E+10,USD,single_candidate,validated,found '13944' on the statement,False,0000093751-26-000124,,
STT,2025,stockholders_equity,resolved,us-gaap:StockholdersEquity,2.7841E+10,USD,single_candidate,unvalidated,no parsed balance statement for STT FY2025,False,0000093751-26-000124,,
STT,2025,total_assets,resolved,us-gaap:Assets,3.66047E+11,USD,single_candidate,unvalidated,no parsed balance statement for STT FY2025,False,0000093751-26-000124,,
STT,2025,total_liabilities,resolved,us-gaap:Liabilities,3.38206E+11,USD,single_candidate,unvalidated,no parsed balance statement for STT FY2025,False,0000093751-26-000124,,
TROW,2021,capex,resolved,us-gaap:PaymentsToAcquirePropertyPlantAndEquipment,2.391E+8,USD,single_candidate,unvalidated,no parsed cash_flow statement for TROW FY2021,False,0001113169-22-000005,,
TROW,2021,cash_and_equivalents,resolved,us-gaap:CashAndCashEquivalentsAtCarryingValue,1.5231E+9,USD,single_candidate,unvalidated,no parsed balance statement for TROW FY2021,False,0001113169-22-000005,,
TROW,2021,eps_diluted,resolved,us-gaap:EarningsPerShareDiluted,13.12,USD/shares,single_candidate,unvalidated,no parsed income statement for TROW FY2021,False,0001113169-22-000005,,
TROW,2021,gross_profit,metric_not_found_in_filing,,,,,,,False,,0001113169-22-000005 reports none of the gross_profit candidates,us-gaap:GrossProfit=?
TROW,2021,net_income,resolved,us-gaap:NetIncomeLoss,3.0829E+9,USD,single_candidate,unvalidated,no parsed income statement for TROW FY2021,False,0001113169-22-000005,,
TROW,2021,operating_cash_flow,resolved,us-gaap:NetCashProvidedByUsedInOperatingActivities,3.4520E+9,USD,single_candidate,unvalidated,no parsed cash_flow statement for TROW FY2021,False,0001113169-22-000005,,
TROW,2021,operating_income,resolved,us-gaap:OperatingIncomeLoss,3.7100E+9,USD,single_candidate,unvalidated,no parsed income statement for TROW FY2021,False,0001113169-22-000005,,
TROW,2021,rd_expense,metric_not_found_in_filing,,,,,,,False,,0001113169-22-000005 reports none of the rd_expense candidates,us-gaap:ResearchAndDevelopmentExpense=?; us-gaap:ResearchAndDevelopmentExpenseExcludingAcquiredInProcessCost=?
TROW,2021,revenue,resolved,us-gaap:RevenueFromContractWithCustomerExcludingAssessedTax,7.6719E+9,USD,single_candidate,unvalidated,no parsed income statement for TROW FY2021,False,0001113169-22-000005,,
TROW,2021,stockholders_equity,resolved,us-gaap:StockholdersEquity,9.0227E+9,USD,single_candidate,unvalidated,no parsed balance statement for TROW FY2021,False,0001113169-22-000005,,
TROW,2021,total_assets,resolved,us-gaap:Assets,1.25090E+10,USD,single_candidate,unvalidated,no parsed balance statement for TROW FY2021,False,0001113169-22-000005,,
TROW,2021,total_liabilities,resolved,us-gaap:Liabilities,2.2553E+9,USD,single_candidate,unvalidated,no parsed balance statement for TROW FY2021,False,0001113169-22-000005,,
TROW,2022,capex,resolved,us-gaap:PaymentsToAcquirePropertyPlantAndEquipment,2.376E+8,USD,single_candidate,unvalidated,no parsed cash_flow statement for TROW FY2022,False,0001113169-23-000007,,
TROW,2022,cash_and_equivalents,resolved,us-gaap:CashAndCashEquivalentsAtCarryingValue,1.7556E+9,USD,single_candidate,unvalidated,no parsed balance statement for TROW FY2022,False,0001113169-23-000007,,
TROW,2022,eps_diluted,resolved,us-gaap:EarningsPerShareDiluted,6.70,USD/shares,single_candidate,unvalidated,no parsed income statement for TROW FY2022,False,0001113169-23-000007,,
TROW,2022,gross_profit,metric_not_found_in_filing,,,,,,,False,,0001113169-23-000007 reports none of the gross_profit candidates,us-gaap:GrossProfit=?
TROW,2022,net_income,resolved,us-gaap:NetIncomeLoss,1.5579E+9,USD,single_candidate,unvalidated,no parsed income statement for TROW FY2022,False,0001113169-23-000007,,
TROW,2022,operating_cash_flow,resolved,us-gaap:NetCashProvidedByUsedInOperatingActivities,2.3594E+9,USD,single_candidate,unvalidated,no parsed cash_flow statement for TROW FY2022,False,0001113169-23-000007,,
TROW,2022,operating_income,resolved,us-gaap:OperatingIncomeLoss,2.3737E+9,USD,single_candidate,unvalidated,no parsed income statement for TROW FY2022,False,0001113169-23-000007,,
TROW,2022,rd_expense,metric_not_found_in_filing,,,,,,,False,,0001113169-23-000007 reports none of the rd_expense candidates,us-gaap:ResearchAndDevelopmentExpense=?; us-gaap:ResearchAndDevelopmentExpenseExcludingAcquiredInProcessCost=?
TROW,2022,revenue,resolved,us-gaap:RevenueFromContractWithCustomerExcludingAssessedTax,6.4884E+9,USD,single_candidate,unvalidated,no parsed income statement for TROW FY2022,False,0001113169-23-000007,,
TROW,2022,stockholders_equity,resolved,us-gaap:StockholdersEquity,8.8395E+9,USD,single_candidate,unvalidated,no parsed balance statement for TROW FY2022,False,0001113169-23-000007,,
TROW,2022,total_assets,resolved,us-gaap:Assets,1.16433E+10,USD,single_candidate,unvalidated,no parsed balance statement for TROW FY2022,False,0001113169-23-000007,,
TROW,2022,total_liabilities,resolved,us-gaap:Liabilities,1.9564E+9,USD,single_candidate,unvalidated,no parsed balance statement for TROW FY2022,False,0001113169-23-000007,,
TROW,2023,capex,resolved,us-gaap:PaymentsToAcquirePropertyPlantAndEquipment,3.079E+8,USD,single_candidate,validated,found '307.9' on the statement,False,0001113169-24-000007,,
TROW,2023,cash_and_equivalents,resolved,us-gaap:CashAndCashEquivalentsAtCarryingValue,2.0666E+9,USD,single_candidate,validated,found '2066.6' on the statement,False,0001113169-24-000007,,
TROW,2023,eps_diluted,resolved,us-gaap:EarningsPerShareDiluted,7.76,USD/shares,single_candidate,validated,found '7.76' on the statement,False,0001113169-24-000007,,
TROW,2023,gross_profit,metric_not_found_in_filing,,,,,,,False,,0001113169-24-000007 reports none of the gross_profit candidates,us-gaap:GrossProfit=?
TROW,2023,net_income,resolved,us-gaap:NetIncomeLoss,1.7887E+9,USD,single_candidate,validated,found '1788.7' on the statement,False,0001113169-24-000007,,
TROW,2023,operating_cash_flow,resolved,us-gaap:NetCashProvidedByUsedInOperatingActivities,1.2191E+9,USD,single_candidate,validated,found '1219.1' on the statement,False,0001113169-24-000007,,
TROW,2023,operating_income,resolved,us-gaap:OperatingIncomeLoss,1.9862E+9,USD,single_candidate,validated,found '1986.2' on the statement,False,0001113169-24-000007,,
TROW,2023,rd_expense,metric_not_found_in_filing,,,,,,,False,,0001113169-24-000007 reports none of the rd_expense candidates,us-gaap:ResearchAndDevelopmentExpense=?; us-gaap:ResearchAndDevelopmentExpenseExcludingAcquiredInProcessCost=?
TROW,2023,revenue,resolved,us-gaap:RevenueFromContractWithCustomerExcludingAssessedTax,6.4605E+9,USD,single_candidate,validated,found '6460.5' on the statement,False,0001113169-24-000007,,
TROW,2023,stockholders_equity,resolved,us-gaap:StockholdersEquity,9.5051E+9,USD,single_candidate,validated,found '9505.1' on the statement,False,0001113169-24-000007,,
TROW,2023,total_assets,resolved,us-gaap:Assets,1.22788E+10,USD,single_candidate,validated,found '12278.8' on the statement,False,0001113169-24-000007,,
TROW,2023,total_liabilities,resolved,us-gaap:Liabilities,1.9876E+9,USD,single_candidate,validated,found '1987.6' on the statement,False,0001113169-24-000007,,
TROW,2024,capex,resolved,us-gaap:PaymentsToAcquirePropertyPlantAndEquipment,4.234E+8,USD,single_candidate,validated,found '423.4' on the statement,False,0001113169-25-000007,,
TROW,2024,cash_and_equivalents,resolved,us-gaap:CashAndCashEquivalentsAtCarryingValue,2.6498E+9,USD,single_candidate,validated,found '2649.8' on the statement,False,0001113169-25-000007,,
TROW,2024,eps_diluted,resolved,us-gaap:EarningsPerShareDiluted,9.15,USD/shares,single_candidate,validated,found '9.15' on the statement,False,0001113169-25-000007,,
TROW,2024,gross_profit,metric_not_found_in_filing,,,,,,,False,,0001113169-25-000007 reports none of the gross_profit candidates,us-gaap:GrossProfit=?
TROW,2024,net_income,resolved,us-gaap:NetIncomeLoss,2.1001E+9,USD,single_candidate,validated,found '2100.1' on the statement,False,0001113169-25-000007,,
TROW,2024,operating_cash_flow,resolved,us-gaap:NetCashProvidedByUsedInOperatingActivities,1.6856E+9,USD,single_candidate,validated,found '1685.6' on the statement,False,0001113169-25-000007,,
TROW,2024,operating_income,resolved,us-gaap:OperatingIncomeLoss,2.3333E+9,USD,single_candidate,validated,found '2333.3' on the statement,False,0001113169-25-000007,,
TROW,2024,rd_expense,metric_not_found_in_filing,,,,,,,False,,0001113169-25-000007 reports none of the rd_expense candidates,us-gaap:ResearchAndDevelopmentExpense=?; us-gaap:ResearchAndDevelopmentExpenseExcludingAcquiredInProcessCost=?
TROW,2024,revenue,resolved,us-gaap:RevenueFromContractWithCustomerExcludingAssessedTax,7.0936E+9,USD,single_candidate,validated,found '7093.6' on the statement,False,0001113169-25-000007,,
TROW,2024,stockholders_equity,resolved,us-gaap:StockholdersEquity,1.03454E+10,USD,single_candidate,validated,found '10345.4' on the statement,False,0001113169-25-000007,,
TROW,2024,total_assets,resolved,us-gaap:Assets,1.34720E+10,USD,single_candidate,validated,found '13472' on the statement,False,0001113169-25-000007,,
TROW,2024,total_liabilities,resolved,us-gaap:Liabilities,2.0219E+9,USD,single_candidate,validated,found '2021.9' on the statement,False,0001113169-25-000007,,
TROW,2025,capex,resolved,us-gaap:PaymentsToAcquirePropertyPlantAndEquipment,2.742E+8,USD,single_candidate,validated,found '274.2' on the statement,False,0001628280-26-008002,,
TROW,2025,cash_and_equivalents,resolved,us-gaap:CashAndCashEquivalentsAtCarryingValue,3.3782E+9,USD,single_candidate,validated,found '3378.2' on the statement,False,0001628280-26-008002,,
TROW,2025,eps_diluted,resolved,us-gaap:EarningsPerShareDiluted,9.24,USD/shares,single_candidate,validated,found '9.24' on the statement,False,0001628280-26-008002,,
TROW,2025,gross_profit,metric_not_found_in_filing,,,,,,,False,,0001628280-26-008002 reports none of the gross_profit candidates,us-gaap:GrossProfit=?
TROW,2025,net_income,resolved,us-gaap:NetIncomeLoss,2.0871E+9,USD,single_candidate,validated,found '2087.1' on the statement,False,0001628280-26-008002,,
TROW,2025,operating_cash_flow,resolved,us-gaap:NetCashProvidedByUsedInOperatingActivities,1.7534E+9,USD,single_candidate,validated,found '1753.4' on the statement,False,0001628280-26-008002,,
TROW,2025,operating_income,resolved,us-gaap:OperatingIncomeLoss,2.1888E+9,USD,single_candidate,validated,found '2188.8' on the statement,False,0001628280-26-008002,,
TROW,2025,rd_expense,metric_not_found_in_filing,,,,,,,False,,0001628280-26-008002 reports none of the rd_expense candidates,us-gaap:ResearchAndDevelopmentExpense=?; us-gaap:ResearchAndDevelopmentExpenseExcludingAcquiredInProcessCost=?
TROW,2025,revenue,resolved,us-gaap:RevenueFromContractWithCustomerExcludingAssessedTax,7.3148E+9,USD,single_candidate,validated,found '7314.8' on the statement,False,0001628280-26-008002,,
TROW,2025,stockholders_equity,resolved,us-gaap:StockholdersEquity,1.08601E+10,USD,single_candidate,validated,found '10860.1' on the statement,False,0001628280-26-008002,,
TROW,2025,total_assets,resolved,us-gaap:Assets,1.43418E+10,USD,single_candidate,validated,found '14341.8' on the statement,False,0001628280-26-008002,,
TROW,2025,total_liabilities,resolved,us-gaap:Liabilities,2.2886E+9,USD,single_candidate,validated,found '2288.6' on the statement,False,0001628280-26-008002,,
WFC,2021,capex,metric_not_found_in_filing,,,,,,,False,,0000072971-22-000096 reports none of the capex candidates,us-gaap:PaymentsToAcquirePropertyPlantAndEquipment=?; us-gaap:PaymentsToAcquireProductiveAssets=?
WFC,2021,cash_and_equivalents,resolved,us-gaap:CashCashEquivalentsRestrictedCashAndRestrictedCashEquivalents,2.34230E+11,USD,single_candidate_tier2,unvalidated,no parsed balance statement for WFC FY2021,False,0000072971-22-000096,,
WFC,2021,eps_diluted,resolved,us-gaap:EarningsPerShareDiluted,4.95,USD/shares,single_candidate,unvalidated,no parsed income statement for WFC FY2021,False,0000072971-22-000096,,
WFC,2021,gross_profit,metric_not_found_in_filing,,,,,,,False,,0000072971-22-000096 reports none of the gross_profit candidates,us-gaap:GrossProfit=?
WFC,2021,net_income,resolved,us-gaap:NetIncomeLoss,2.1548E+10,USD,single_candidate,unvalidated,no parsed income statement for WFC FY2021,False,0000072971-22-000096,,
WFC,2021,operating_cash_flow,resolved,us-gaap:NetCashProvidedByUsedInOperatingActivities,-1.1525E+10,USD,single_candidate,unvalidated,no parsed cash_flow statement for WFC FY2021,False,0000072971-22-000096,,
WFC,2021,operating_income,metric_not_found_in_filing,,,,,,,False,,0000072971-22-000096 reports none of the operating_income candidates,us-gaap:OperatingIncomeLoss=?
WFC,2021,rd_expense,metric_not_found_in_filing,,,,,,,False,,0000072971-22-000096 reports none of the rd_expense candidates,us-gaap:ResearchAndDevelopmentExpense=?; us-gaap:ResearchAndDevelopmentExpenseExcludingAcquiredInProcessCost=?
WFC,2021,revenue,resolved,us-gaap:RevenuesNetOfInterestExpense,7.8492E+10,USD,single_candidate,unvalidated,no parsed income statement for WFC FY2021,False,0000072971-22-000096,,
WFC,2021,stockholders_equity,resolved,us-gaap:StockholdersEquity,1.87606E+11,USD,single_candidate,unvalidated,no parsed balance statement for WFC FY2021,False,0000072971-22-000096,,
WFC,2021,total_assets,resolved,us-gaap:Assets,1.948068E+12,USD,single_candidate,unvalidated,no parsed balance statement for WFC FY2021,False,0000072971-22-000096,,
WFC,2021,total_liabilities,resolved,us-gaap:Liabilities,1.757958E+12,USD,single_candidate,unvalidated,no parsed balance statement for WFC FY2021,False,0000072971-22-000096,,
WFC,2022,capex,metric_not_found_in_filing,,,,,,,False,,0000072971-23-000071 reports none of the capex candidates,us-gaap:PaymentsToAcquirePropertyPlantAndEquipment=?; us-gaap:PaymentsToAcquireProductiveAssets=?
WFC,2022,cash_and_equivalents,resolved,us-gaap:CashCashEquivalentsRestrictedCashAndRestrictedCashEquivalents,1.59157E+11,USD,single_candidate_tier2,unvalidated,no parsed balance statement for WFC FY2022,False,0000072971-23-000071,,
WFC,2022,eps_diluted,resolved,us-gaap:EarningsPerShareDiluted,3.14,USD/shares,single_candidate,unvalidated,no parsed income statement for WFC FY2022,False,0000072971-23-000071,,
WFC,2022,gross_profit,metric_not_found_in_filing,,,,,,,False,,0000072971-23-000071 reports none of the gross_profit candidates,us-gaap:GrossProfit=?
WFC,2022,net_income,resolved,us-gaap:NetIncomeLoss,1.3182E+10,USD,single_candidate,unvalidated,no parsed income statement for WFC FY2022,False,0000072971-23-000071,,
WFC,2022,operating_cash_flow,resolved,us-gaap:NetCashProvidedByUsedInOperatingActivities,2.7048E+10,USD,single_candidate,unvalidated,no parsed cash_flow statement for WFC FY2022,False,0000072971-23-000071,,
WFC,2022,operating_income,metric_not_found_in_filing,,,,,,,False,,0000072971-23-000071 reports none of the operating_income candidates,us-gaap:OperatingIncomeLoss=?
WFC,2022,rd_expense,metric_not_found_in_filing,,,,,,,False,,0000072971-23-000071 reports none of the rd_expense candidates,us-gaap:ResearchAndDevelopmentExpense=?; us-gaap:ResearchAndDevelopmentExpenseExcludingAcquiredInProcessCost=?
WFC,2022,revenue,resolved,us-gaap:RevenuesNetOfInterestExpense,7.3785E+10,USD,single_candidate,unvalidated,no parsed income statement for WFC FY2022,False,0000072971-23-000071,,
WFC,2022,stockholders_equity,resolved,us-gaap:StockholdersEquity,1.79889E+11,USD,single_candidate,unvalidated,no parsed balance statement for WFC FY2022,False,0000072971-23-000071,,
WFC,2022,total_assets,resolved,us-gaap:Assets,1.881016E+12,USD,single_candidate,unvalidated,no parsed balance statement for WFC FY2022,False,0000072971-23-000071,,
WFC,2022,total_liabilities,resolved,us-gaap:Liabilities,1.699141E+12,USD,single_candidate,unvalidated,no parsed balance statement for WFC FY2022,False,0000072971-23-000071,,
WFC,2023,capex,metric_not_found_in_filing,,,,,,,False,,0000072971-24-000064 reports none of the capex candidates,us-gaap:PaymentsToAcquirePropertyPlantAndEquipment=?; us-gaap:PaymentsToAcquireProductiveAssets=?
WFC,2023,cash_and_equivalents,resolved,us-gaap:CashCashEquivalentsRestrictedCashAndRestrictedCashEquivalents,2.36052E+11,USD,single_candidate_tier2,conflict,"not found among 774 numeric tokens in the parsed balance statement; tried ['236,052', '236052']",False,0000072971-24-000064,,
WFC,2023,eps_diluted,resolved,us-gaap:EarningsPerShareDiluted,4.83,USD/shares,single_candidate,validated,found '4.83' on the statement,False,0000072971-24-000064,,
WFC,2023,gross_profit,metric_not_found_in_filing,,,,,,,False,,0000072971-24-000064 reports none of the gross_profit candidates,us-gaap:GrossProfit=?
WFC,2023,net_income,resolved,us-gaap:NetIncomeLoss,1.9142E+10,USD,single_candidate,validated,found '19142' on the statement,False,0000072971-24-000064,,
WFC,2023,operating_cash_flow,resolved,us-gaap:NetCashProvidedByUsedInOperatingActivities,4.0358E+10,USD,single_candidate,validated,found '40358' on the statement,False,0000072971-24-000064,,
WFC,2023,operating_income,metric_not_found_in_filing,,,,,,,False,,0000072971-24-000064 reports none of the operating_income candidates,us-gaap:OperatingIncomeLoss=?
WFC,2023,rd_expense,metric_not_found_in_filing,,,,,,,False,,0000072971-24-000064 reports none of the rd_expense candidates,us-gaap:ResearchAndDevelopmentExpense=?; us-gaap:ResearchAndDevelopmentExpenseExcludingAcquiredInProcessCost=?
WFC,2023,revenue,resolved,us-gaap:RevenuesNetOfInterestExpense,8.2597E+10,USD,single_candidate,validated,found '82597' on the statement,False,0000072971-24-000064,,
WFC,2023,stockholders_equity,resolved,us-gaap:StockholdersEquity,1.85735E+11,USD,single_candidate,validated,found '185735' on the statement,False,0000072971-24-000064,,
WFC,2023,total_assets,resolved,us-gaap:Assets,1.932468E+12,USD,single_candidate,validated,found '1932468' on the statement,False,0000072971-24-000064,,
WFC,2023,total_liabilities,resolved,us-gaap:Liabilities,1.745025E+12,USD,single_candidate,validated,found '1745025' on the statement,False,0000072971-24-000064,,
WFC,2024,capex,metric_not_found_in_filing,,,,,,,False,,0000072971-25-000066 reports none of the capex candidates,us-gaap:PaymentsToAcquirePropertyPlantAndEquipment=?; us-gaap:PaymentsToAcquireProductiveAssets=?
WFC,2024,cash_and_equivalents,resolved,us-gaap:CashCashEquivalentsRestrictedCashAndRestrictedCashEquivalents,2.01902E+11,USD,single_candidate_tier2,conflict,"not found among 450 numeric tokens in the parsed balance statement; tried ['201,902', '201902']",False,0000072971-25-000066,,
WFC,2024,eps_diluted,resolved,us-gaap:EarningsPerShareDiluted,5.37,USD/shares,single_candidate,validated,found '5.37' on the statement,False,0000072971-25-000066,,
WFC,2024,gross_profit,metric_not_found_in_filing,,,,,,,False,,0000072971-25-000066 reports none of the gross_profit candidates,us-gaap:GrossProfit=?
WFC,2024,net_income,resolved,us-gaap:NetIncomeLoss,1.9722E+10,USD,single_candidate,validated,found '19722' on the statement,False,0000072971-25-000066,,
WFC,2024,operating_cash_flow,resolved,us-gaap:NetCashProvidedByUsedInOperatingActivities,3.035E+9,USD,single_candidate,validated,found '3035' on the statement,False,0000072971-25-000066,,
WFC,2024,operating_income,metric_not_found_in_filing,,,,,,,False,,0000072971-25-000066 reports none of the operating_income candidates,us-gaap:OperatingIncomeLoss=?
WFC,2024,rd_expense,metric_not_found_in_filing,,,,,,,False,,0000072971-25-000066 reports none of the rd_expense candidates,us-gaap:ResearchAndDevelopmentExpense=?; us-gaap:ResearchAndDevelopmentExpenseExcludingAcquiredInProcessCost=?
WFC,2024,revenue,resolved,us-gaap:RevenuesNetOfInterestExpense,8.2296E+10,USD,single_candidate,validated,found '82296' on the statement,False,0000072971-25-000066,,
WFC,2024,stockholders_equity,resolved,us-gaap:StockholdersEquity,1.79120E+11,USD,single_candidate,validated,found '179120' on the statement,False,0000072971-25-000066,,
WFC,2024,total_assets,resolved,us-gaap:Assets,1.929845E+12,USD,single_candidate,validated,found '1929845' on the statement,False,0000072971-25-000066,,
WFC,2024,total_liabilities,resolved,us-gaap:Liabilities,1.748779E+12,USD,single_candidate,validated,found '1748779' on the statement,False,0000072971-25-000066,,
WFC,2025,capex,metric_not_found_in_filing,,,,,,,False,,0000072971-26-000133 reports none of the capex candidates,us-gaap:PaymentsToAcquirePropertyPlantAndEquipment=?; us-gaap:PaymentsToAcquireProductiveAssets=?
WFC,2025,cash_and_equivalents,resolved,us-gaap:CashCashEquivalentsRestrictedCashAndRestrictedCashEquivalents,1.72593E+11,USD,single_candidate_tier2,conflict,"not found among 393 numeric tokens in the parsed balance statement; tried ['172,593', '172593']",False,0000072971-26-000133,,
WFC,2025,eps_diluted,resolved,us-gaap:EarningsPerShareDiluted,6.26,USD/shares,single_candidate,validated,found '6.26' on the statement,False,0000072971-26-000133,,
WFC,2025,gross_profit,metric_not_found_in_filing,,,,,,,False,,0000072971-26-000133 reports none of the gross_profit candidates,us-gaap:GrossProfit=?
WFC,2025,net_income,resolved,us-gaap:NetIncomeLoss,2.1338E+10,USD,single_candidate,validated,found '21338' on the statement,False,0000072971-26-000133,,
WFC,2025,operating_cash_flow,resolved,us-gaap:NetCashProvidedByUsedInOperatingActivities,-1.9001E+10,USD,single_candidate,validated,"found '19,001' on the statement",False,0000072971-26-000133,,
WFC,2025,operating_income,metric_not_found_in_filing,,,,,,,False,,0000072971-26-000133 reports none of the operating_income candidates,us-gaap:OperatingIncomeLoss=?
WFC,2025,rd_expense,metric_not_found_in_filing,,,,,,,False,,0000072971-26-000133 reports none of the rd_expense candidates,us-gaap:ResearchAndDevelopmentExpense=?; us-gaap:ResearchAndDevelopmentExpenseExcludingAcquiredInProcessCost=?
WFC,2025,revenue,resolved,us-gaap:RevenuesNetOfInterestExpense,8.3699E+10,USD,single_candidate,validated,found '83699' on the statement,False,0000072971-26-000133,,
WFC,2025,stockholders_equity,resolved,us-gaap:StockholdersEquity,1.81117E+11,USD,single_candidate,validated,found '181117' on the statement,False,0000072971-26-000133,,
WFC,2025,total_assets,resolved,us-gaap:Assets,2.148631E+12,USD,single_candidate,validated,found '2148631' on the statement,False,0000072971-26-000133,,
WFC,2025,total_liabilities,resolved,us-gaap:Liabilities,1.965593E+12,USD,single_candidate,validated,found '1965593' on the statement,False,0000072971-26-000133,,
